anime_id,Shounen,Shoujo,Seinen,Ecchi,Mecha,Supernatural,SliceofLife,Action,Adventure,Comedy,Drama,Magic,Romance,type_ONA,type_OVA,type_special,pg13,pg17,90s,00s,10s
1381,0,0,0,0,0,0,0,1,0,0,0,0,1,0,0,1,0,0,0,1,0
16251,0,0,0,0,0,0,0,1,1,0,0,0,0,0,1,0,0,0,1,0,0
15813,0,0,0,0,0,0,0,0,0,0,0,1,0,0,0,0,0,0,0,0,1
2199,0,0,0,0,0,0,0,0,1,0,1,0,0,0,0,0,0,0,0,0,0
15771,0,0,1,0,0,0,1,0,0,1,0,0,0,0,0,0,0,0,0,0,1
3675,0,0,0,0,0,0,0,1,0,0,1,0,0,0,0,1,0,0,0,0,0
6922,0,0,0,0,0,1,0,1,0,0,0,1,0,0,0,0,0,0,0,0,1
34430,0,0,0,0,0,0,0,1,0,0,1,0,1,0,0,0,0,0,0,0,1
1969,0,0,0,0,1,0,0,0,0,0,1,0,0,0,0,0,0,0,0,1,0
3813,0,1,0,0,0,0,0,0,0,0,0,0,1,0,1,0,0,0,1,0,0
1921,0,0,0,0,0,0,0,1,1,1,1,0,1,0,0,0,0,0,0,0,0
29830,0,0,0,0,0,0,1,0,0,1,1,0,0,0,0,0,0,0,0,0,1
459,1,0,0,0,0,0,0,1,1,1,0,0,0,0,0,0,0,0,0,1,0
31486,0,0,0,0,0,0,0,0,0,1,0,0,0,0,0,0,0,0,0,0,1
10218,0,0,1,0,0,1,0,1,1,0,0,0,0,0,0,0,0,0,0,0,1
14837,1,0,0,0,0,0,0,1,1,0,0,0,0,0,0,0,0,0,0,0,1
34438,0,0,0,0,1,0,0,1,0,0,0,0,0,0,0,0,0,0,0,0,1
7435,1,0,0,0,0,0,0,0,1,0,0,1,0,0,0,0,0,0,1,0,0
821,0,0,1,0,0,0,0,1,0,0,1,0,0,0,1,0,0,0,0,1,0
28211,0,0,0,0,0,0,0,0,0,0,0,0,0,0,0,0,0,0,0,0,1
560,0,0,0,0,1,0,0,1,0,0,1,0,0,0,0,1,0,0,0,1,0
30952,0,0,1,0,0,0,0,0,0,0,0,0,0,0,0,0,0,0,0,0,1
2171,1,0,0,0,0,0,0,0,1,1,0,0,0,0,0,0,0,0,0,1,0
34498,0,0,0,0,0,0,0,0,0,0,1,0,0,0,0,0,0,0,0,0,1
4124,0,1,0,0,0,0,0,0,0,0,0,1,0,0,0,0,0,0,0,1,0
2264,0,0,0,0,0,0,0,0,1,0,0,0,0,0,0,0,0,0,1,0,0
1925,0,0,0,0,0,0,0,1,1,1,1,0,1,0,0,0,0,0,1,0,0
6172,0,0,0,0,0,0,0,0,0,0,0,0,0,0,0,0,0,0,0,0,0
1122,0,0,0,0,0,0,0,1,1,1,0,0,0,0,0,0,0,0,0,1,0
33183,0,1,0,0,0,0,1,1,0,0,0,1,0,0,0,0,0,0,0,0,1
780,1,0,0,0,0,0,0,0,1,1,0,0,0,0,0,0,0,0,1,0,0
28913,0,0,0,0,0,0,1,0,0,1,0,0,0,0,0,1,0,0,0,0,0
1686,0,0,0,0,0,0,0,1,1,0,0,0,0,0,0,0,0,0,0,1,0
36519,0,0,0,0,0,0,0,0,0,0,0,0,1,0,0,1,0,0,0,0,1
3016,0,0,0,0,0,0,0,1,0,0,1,0,0,0,0,0,0,0,1,0,0
33820,0,0,0,0,0,0,0,0,0,0,0,0,0,0,0,0,0,0,0,0,1
1366,1,0,0,0,0,0,0,0,1,1,0,0,0,0,0,0,0,0,0,1,0
1429,0,0,1,0,0,0,0,1,1,1,0,0,0,0,0,1,0,0,0,1,0
399,0,0,0,0,0,0,0,1,0,0,0,0,1,0,0,1,0,0,0,1,0
3889,0,0,0,1,0,0,0,0,0,1,0,0,1,0,1,0,0,0,0,0,0
2722,0,0,0,0,0,0,0,1,1,0,0,0,0,0,0,0,0,0,0,0,0
21395,0,0,1,0,0,0,0,0,0,1,0,0,0,0,0,0,0,0,0,0,1
29829,0,0,0,0,0,0,1,0,0,1,1,0,0,0,0,0,0,0,0,0,1
219,1,0,0,0,1,0,0,1,0,1,1,0,0,0,0,0,0,0,1,0,0
33687,1,0,0,0,1,0,0,1,1,0,0,0,0,0,0,0,0,0,0,0,1
1622,0,0,0,0,0,0,0,1,0,0,0,1,0,0,1,0,0,0,0,1,0
2334,0,0,0,0,0,0,0,0,1,0,0,0,1,0,0,0,0,0,0,0,0
9857,1,0,0,0,0,0,0,0,1,0,0,0,0,0,0,1,0,0,1,0,0
24921,0,0,1,0,0,0,0,1,0,0,0,0,0,0,0,0,0,0,0,0,1
1416,0,0,1,0,0,0,0,1,1,1,0,0,0,0,0,0,0,0,1,0,0
523,0,0,0,0,0,1,0,0,1,1,0,0,0,0,0,0,0,0,0,0,0
3906,0,0,0,0,0,0,0,0,0,0,0,0,0,0,1,0,0,0,0,1,0
1028,0,0,0,0,0,0,0,0,0,0,0,1,0,0,0,0,0,0,0,1,0
14817,0,0,0,0,0,0,0,0,0,0,0,0,0,0,0,0,0,0,0,0,1
9260,0,0,0,0,0,1,0,0,0,0,0,0,0,0,0,0,0,0,0,0,1
21473,0,0,0,0,0,1,0,1,0,0,0,0,0,0,0,0,0,0,0,0,1
25687,0,0,0,0,0,0,0,1,1,1,1,0,0,0,0,0,0,0,0,0,1
27821,0,0,0,0,0,1,0,1,0,0,0,1,0,0,0,1,0,0,0,0,1
936,1,0,0,0,0,1,0,0,1,1,1,0,0,0,0,0,0,0,0,1,0
32281,0,0,0,0,0,1,0,0,0,0,1,0,1,0,0,0,0,0,0,0,1
31,0,0,0,0,1,0,0,0,0,0,1,0,0,0,0,0,0,0,1,0,0
1364,1,0,0,0,0,0,0,0,1,1,0,0,0,0,0,0,0,0,0,1,0
757,0,0,0,0,0,0,0,0,1,0,1,0,0,0,0,0,0,0,0,1,0
7311,0,0,0,0,0,1,0,0,0,1,0,0,1,0,0,0,0,0,0,0,1
1681,0,0,0,0,0,1,0,1,1,0,0,1,0,0,0,0,0,0,0,1,0
20969,0,0,0,0,0,1,0,0,0,0,1,0,0,0,0,0,0,0,0,0,1
23987,0,0,1,0,0,1,0,0,0,0,1,0,0,0,0,0,0,0,0,0,1
4437,1,0,0,0,0,1,0,1,0,0,0,0,0,0,0,0,0,0,0,1,0
512,0,0,0,0,0,0,0,0,1,1,1,1,1,0,0,0,0,0,0,0,0
1033,0,0,0,0,0,0,0,1,1,0,1,0,1,0,0,0,0,0,0,1,0
46,1,0,0,0,0,0,0,0,0,0,1,0,0,0,0,0,0,0,1,0,0
1096,0,0,0,0,1,0,0,0,0,0,1,0,0,0,0,0,0,0,1,0,0
21031,0,1,0,0,0,0,0,0,0,0,0,1,0,0,0,0,0,0,0,0,1
1034,0,0,0,0,0,0,0,1,0,0,1,0,0,0,0,0,0,0,0,0,0
1549,0,0,0,0,0,0,0,0,1,0,1,0,0,0,0,0,0,0,0,0,0
33729,1,0,0,0,0,0,0,1,1,0,0,1,0,0,0,0,0,0,0,0,1
32071,0,0,1,1,0,1,0,1,0,0,1,0,0,0,0,0,0,0,0,0,1
416,0,0,0,0,0,0,0,1,1,1,1,0,1,0,0,0,0,0,1,0,0
2267,0,0,0,0,1,0,0,0,0,0,0,0,0,0,1,0,0,0,0,1,0
987,1,0,0,0,0,0,0,1,1,1,0,0,0,0,0,1,0,0,1,0,0
732,0,0,0,0,0,1,0,1,0,0,0,0,0,0,0,0,0,0,0,0,0
997,0,1,0,0,0,0,0,0,1,1,1,1,1,0,0,0,0,0,1,0,0
2621,0,1,0,0,0,0,0,0,0,0,1,0,1,0,0,0,0,0,0,0,0
779,1,0,0,0,0,0,0,0,1,1,0,0,0,0,0,0,0,0,1,0,0
3784,0,0,0,0,1,0,0,1,0,0,0,0,0,0,0,0,0,0,0,0,0
760,1,0,0,0,0,1,0,0,1,0,1,0,1,0,0,0,0,0,0,1,0
28625,0,0,0,0,0,0,0,0,0,0,0,0,0,0,0,0,0,0,0,0,1
317,0,0,0,0,0,0,0,1,0,0,0,0,0,0,0,0,0,0,0,1,0
34537,0,0,0,0,0,0,0,0,0,1,0,0,1,0,0,0,0,0,0,0,1
1481,0,0,0,0,0,0,0,1,1,1,1,0,1,0,0,1,0,0,0,0,0
23775,1,0,0,0,0,0,0,1,0,0,1,0,0,0,0,0,0,0,0,0,1
5369,1,0,0,0,0,0,0,1,1,0,0,0,0,0,1,0,0,0,0,0,0
1777,0,0,0,0,0,1,0,1,1,0,0,0,0,0,0,0,0,0,1,0,0
6783,0,0,0,0,0,0,0,0,0,0,1,0,1,0,0,1,0,0,0,1,0
1961,0,0,0,0,0,0,0,0,1,1,1,0,0,0,0,0,0,0,0,1,0
35206,0,0,0,0,0,0,1,0,0,0,0,1,0,0,0,0,0,0,0,0,1
16664,0,0,0,0,0,0,0,0,0,0,0,0,0,0,0,0,0,0,0,0,1
3762,0,0,0,0,0,0,0,1,0,0,0,0,0,0,1,0,0,0,0,0,0
531,0,1,0,0,0,0,0,0,0,0,1,1,1,0,0,0,0,0,1,0,0
441,0,1,0,0,0,0,0,0,0,0,1,0,1,0,0,0,0,0,1,0,0
3015,1,0,0,0,0,0,0,1,0,0,1,0,0,0,0,0,0,0,1,0,0
4522,0,0,0,0,0,0,0,1,0,0,0,0,0,0,1,0,0,0,1,0,0
7222,0,0,0,0,1,0,0,1,0,0,0,0,1,0,0,0,0,0,0,0,1
1135,0,0,0,0,0,0,0,1,0,0,0,1,0,0,1,0,0,0,0,1,0
31763,0,0,0,0,0,0,0,1,0,0,0,0,1,0,0,0,0,0,0,0,1
2289,0,0,0,0,1,0,0,0,1,1,0,0,0,0,0,0,0,0,1,0,0
2999,0,0,0,0,0,0,0,0,0,0,1,0,0,0,1,0,0,0,0,0,0
3745,0,0,1,0,0,0,0,1,1,1,0,0,0,0,0,0,0,0,1,0,0
2107,1,0,0,0,0,0,0,1,1,0,0,0,0,0,0,0,0,0,0,1,0
1723,0,0,0,0,0,0,0,0,0,0,1,0,1,0,0,0,0,0,0,1,0
17113,0,0,1,0,0,0,0,0,1,1,0,0,0,0,0,0,0,0,0,0,1
24459,0,0,0,0,0,0,0,0,0,0,0,0,0,0,0,1,0,0,0,0,1
2698,0,0,1,0,0,0,0,1,0,0,1,0,0,0,1,0,0,0,1,0,0
8546,1,0,0,0,0,0,0,0,0,1,0,0,0,0,0,0,0,0,0,0,0
13271,1,0,0,0,0,0,0,1,1,0,0,0,0,0,0,0,0,0,0,0,1
8098,0,0,0,0,1,0,0,1,0,0,1,0,0,0,0,0,0,0,0,0,1
21419,1,0,0,0,0,0,0,1,0,0,0,0,0,0,0,0,0,0,0,0,1
54,1,0,0,0,1,0,0,1,0,0,1,0,0,0,0,0,0,0,0,1,0
32888,0,0,0,0,0,0,0,0,1,0,0,0,0,0,0,0,0,0,0,0,1
164,0,0,0,0,0,0,0,1,1,0,0,0,0,0,0,0,0,0,1,0,0
8364,0,0,1,0,0,0,0,1,1,1,0,0,0,0,0,0,0,0,0,1,0
13391,0,0,0,0,1,0,0,1,0,0,0,0,0,0,0,0,0,0,0,0,1
31829,0,0,0,0,0,0,0,0,1,0,0,0,0,0,0,0,0,0,0,0,1
33190,0,0,0,0,0,0,0,0,0,0,1,0,0,0,0,0,0,0,0,0,1
1117,0,0,0,0,0,0,0,0,1,1,1,0,0,0,0,0,0,0,1,0,0
903,1,0,0,0,0,0,0,1,1,1,0,0,0,0,0,0,0,0,1,0,0
917,0,0,1,0,0,0,0,1,0,0,0,0,0,0,1,0,0,0,0,0,0
585,0,1,0,0,0,0,1,0,0,0,1,0,1,0,0,0,0,0,1,0,0
14407,0,0,0,0,0,1,0,1,0,0,0,0,0,0,0,0,0,0,0,0,1
869,1,0,0,0,0,0,0,0,1,1,0,1,0,0,0,0,0,0,1,0,0
13215,0,0,0,0,0,0,1,0,0,0,1,0,0,0,0,0,0,0,0,0,1
8362,0,0,1,0,0,0,0,1,1,1,0,0,0,0,0,0,0,0,0,1,0
1413,0,0,1,0,0,0,0,1,1,1,0,0,0,0,0,1,0,0,0,1,0
431,0,0,0,0,0,0,0,0,1,0,1,0,1,0,0,0,0,0,0,1,0
10048,0,0,0,0,0,0,0,1,0,0,1,0,0,0,1,0,0,0,0,1,0
3258,0,0,0,0,0,0,0,0,0,0,0,0,0,0,0,0,0,0,0,0,0
2017,0,0,0,0,0,0,0,0,0,0,1,0,0,0,1,0,0,0,1,0,0
1365,1,0,0,0,0,0,0,0,1,0,0,0,0,0,0,0,0,0,0,1,0
6872,1,0,0,0,0,0,0,1,1,0,1,0,0,0,0,0,0,0,0,0,0
8514,1,0,0,0,1,0,0,1,0,0,0,0,0,0,0,0,0,0,0,0,1
6637,0,0,0,0,0,0,0,1,0,1,1,0,1,0,0,0,0,0,0,0,1
1709,0,0,0,0,0,0,0,1,1,1,1,0,0,0,0,1,0,0,0,1,0
5204,0,0,0,0,0,1,0,1,0,0,0,1,1,0,0,0,0,0,0,1,0
2042,0,0,0,0,1,0,0,1,0,0,1,0,0,0,0,0,0,0,0,0,0
13709,0,0,0,0,0,0,0,1,1,0,0,0,0,0,0,0,0,0,0,1,0
2019,0,0,0,0,0,0,0,1,1,0,1,0,0,0,1,0,0,0,1,0,0
898,1,0,0,0,0,0,0,1,1,1,0,0,0,0,0,0,0,0,1,0,0
2449,0,0,1,0,1,0,0,1,0,0,0,0,0,0,0,1,0,0,0,1,0
15201,0,0,0,0,1,0,0,1,0,0,0,0,0,0,0,0,0,0,0,0,1
1090,0,0,0,0,1,0,0,1,1,0,1,0,0,0,0,0,1,0,0,0,0
1211,0,0,0,0,1,0,0,1,1,0,0,0,1,0,0,0,1,0,1,0,0
1930,0,1,0,0,0,0,0,0,0,1,0,1,0,0,0,0,1,0,0,1,0
1329,0,0,0,0,0,0,0,0,0,0,1,0,0,0,0,0,1,0,1,0,0
1973,0,0,0,0,0,1,0,0,0,0,0,0,0,0,1,0,1,0,0,0,0
6288,0,0,0,0,1,0,0,1,0,0,0,0,0,0,0,0,1,0,0,0,1
34830,0,1,0,0,0,1,0,0,0,0,0,0,1,0,0,0,1,0,0,0,1
12671,0,0,0,0,0,0,0,1,1,1,1,0,0,0,0,0,1,0,0,0,1
9288,0,1,0,0,0,0,0,0,0,0,0,1,0,0,0,0,1,0,0,0,1
17437,0,0,0,0,0,0,0,0,0,1,1,0,0,0,0,0,1,0,0,0,1
20371,0,0,0,0,0,0,0,0,0,1,1,0,1,0,0,0,1,0,0,0,1
25161,1,0,0,0,0,0,0,0,1,1,0,0,0,0,0,1,1,0,0,0,1
13239,0,0,0,0,0,0,0,1,1,0,0,0,0,0,0,0,1,0,0,0,1
1030,0,0,0,0,0,0,0,0,0,0,0,0,0,0,0,0,1,0,1,0,0
4985,0,0,0,0,0,0,0,1,0,1,1,1,0,0,0,0,1,0,0,0,1
1361,0,0,0,0,0,0,0,0,0,0,0,0,0,0,0,0,1,0,0,1,0
2273,0,0,0,0,1,0,0,1,0,0,1,0,0,0,0,0,1,0,1,0,0
895,1,0,0,0,0,0,0,1,1,1,0,0,0,0,0,0,1,0,1,0,0
597,0,0,0,0,0,0,0,0,1,0,1,0,0,0,0,0,1,0,0,1,0
31715,0,0,0,0,0,0,1,0,0,1,0,0,1,0,0,1,1,0,0,0,1
465,1,0,0,0,0,0,0,0,1,1,0,0,0,0,0,0,1,0,0,1,0
31418,0,0,0,0,0,0,0,1,0,0,1,0,0,0,0,0,1,0,0,0,1
1474,1,0,0,0,0,0,0,1,0,1,0,0,0,0,0,0,1,0,0,0,0
1931,0,1,0,0,0,0,0,0,0,1,0,1,0,0,0,0,1,0,0,1,0
462,1,0,0,0,0,0,0,1,1,1,0,0,0,0,0,0,1,0,0,1,0
1526,0,0,0,0,0,0,0,1,1,0,1,0,0,0,0,0,1,0,0,1,0
12355,0,0,0,0,0,0,1,0,0,0,0,0,0,0,0,0,1,0,0,0,1
212,0,0,0,0,1,0,0,1,1,1,0,0,0,0,0,0,1,0,0,0,0
1107,0,0,0,0,0,0,0,1,1,0,1,0,0,0,0,0,1,0,0,0,0
6408,0,0,0,0,0,0,0,0,0,0,1,0,1,0,0,0,1,0,0,0,1
30850,0,0,0,0,0,0,0,0,0,0,0,0,0,0,0,0,1,0,0,0,1
32869,1,0,0,0,0,0,0,0,0,0,0,0,0,0,0,0,1,0,0,0,1
32871,1,0,0,0,0,0,0,0,0,1,0,0,0,0,0,0,1,0,0,0,1
759,0,0,0,0,0,0,0,0,0,1,1,0,0,0,0,0,1,0,0,1,0
372,0,1,0,0,0,0,0,0,0,1,1,1,1,0,0,0,1,0,0,1,0
868,1,0,0,0,0,0,0,0,1,1,0,1,0,0,0,0,1,0,1,0,0
1241,0,0,0,0,1,0,0,0,0,0,1,0,0,0,1,0,1,0,0,1,0
6078,0,0,1,0,0,0,0,0,0,0,0,0,0,0,1,0,1,0,1,0,0
83,0,0,0,0,1,0,0,0,0,0,1,0,1,0,0,0,1,0,1,0,0
1427,0,0,1,0,0,0,0,1,1,1,0,0,0,0,1,0,1,0,0,1,0
5013,0,0,0,0,0,0,0,0,1,0,1,0,0,0,0,1,1,0,0,0,0
2889,1,0,0,0,0,1,0,1,1,0,0,0,0,0,0,0,1,0,0,1,0
451,1,0,0,0,0,1,0,0,1,1,1,0,1,0,0,0,1,0,0,1,0
18617,0,0,0,0,0,0,0,0,0,0,0,0,0,0,0,0,1,0,0,0,1
4074,0,0,0,0,0,0,0,0,1,0,1,0,0,0,0,1,1,0,0,0,0
8250,0,0,0,0,1,0,0,1,0,0,1,0,0,0,1,0,1,0,0,0,1
16904,0,0,0,0,0,1,0,1,0,0,0,0,0,0,0,0,1,0,0,0,1
34374,0,0,0,0,0,0,1,0,0,0,1,1,0,0,0,0,1,0,0,0,1
31289,1,0,0,0,0,0,0,1,1,1,1,0,0,0,0,1,1,0,0,0,1
27969,0,0,0,0,0,0,1,0,0,0,1,0,0,0,0,0,1,0,0,0,1
5673,0,0,0,0,0,0,0,0,1,0,1,0,0,0,0,0,1,0,1,0,0
815,1,0,0,0,0,0,0,1,0,0,0,0,0,0,0,0,1,0,0,1,0
6768,0,0,0,0,1,0,0,1,0,0,0,0,0,0,1,0,1,0,0,0,0
43,0,0,1,0,1,0,0,1,0,0,0,0,0,0,0,0,1,0,1,0,0
572,0,0,0,0,0,0,0,0,1,0,0,0,0,0,0,0,1,0,0,0,0
819,0,1,0,0,0,0,0,0,0,0,0,0,1,0,1,0,1,0,0,1,0
9958,1,0,0,0,0,0,0,0,0,1,0,0,0,0,0,0,1,0,0,0,1
33685,1,0,0,0,1,0,0,1,1,0,0,0,0,0,0,0,1,0,0,0,1
34021,0,0,1,0,0,0,0,1,1,1,1,0,0,0,0,0,1,0,0,0,1
565,0,0,0,0,0,0,0,1,1,0,1,0,0,0,0,0,1,0,0,1,0
7337,0,0,0,0,0,0,0,0,0,1,0,0,0,0,0,0,1,0,0,0,1
20543,0,0,0,0,0,0,0,1,0,0,0,0,0,0,0,0,1,0,0,0,1
21235,1,0,0,0,0,0,0,1,1,0,0,1,0,0,0,1,1,0,0,0,1
22695,1,0,0,0,0,0,0,1,1,1,0,0,0,0,0,1,1,0,1,0,0
502,1,0,0,0,0,0,0,1,1,1,0,0,0,0,0,0,1,0,0,0,0
26449,0,0,0,0,0,0,0,1,1,0,0,0,0,0,0,1,1,0,0,0,1
5053,0,0,0,0,0,0,0,1,0,0,0,0,0,0,0,0,1,0,0,0,0
31989,0,0,0,0,0,0,0,0,0,0,0,0,0,0,0,0,1,0,0,0,1
2176,0,0,0,0,1,0,0,1,0,0,0,0,0,0,0,0,1,0,0,1,0
33672,1,0,0,0,0,0,0,0,1,1,0,0,0,0,0,0,1,0,0,0,1
10714,0,0,0,0,0,1,0,1,0,0,0,0,0,0,0,0,1,0,0,0,1
35182,0,0,0,0,0,0,1,0,0,1,0,1,0,0,1,0,1,0,0,0,1
23225,0,0,0,0,0,0,1,0,0,1,0,0,0,0,1,0,1,0,0,0,1
2262,0,0,0,0,0,1,0,1,0,0,0,0,0,0,1,0,1,0,0,1,0
3019,0,0,1,0,0,0,0,1,1,1,0,0,0,0,0,1,1,0,0,1,0
2100,0,0,1,0,0,0,0,0,1,0,0,0,0,0,0,0,1,0,1,0,0
1120,0,0,0,0,0,0,0,0,1,1,1,0,0,0,0,0,1,0,0,1,0
2452,0,0,0,0,0,0,0,1,1,0,0,0,0,0,0,0,1,0,0,0,0
4513,0,0,0,0,0,0,0,0,1,0,0,0,1,0,0,0,1,0,0,0,0
2583,0,0,0,0,1,0,0,1,0,0,1,0,0,0,1,0,1,0,0,0,0
3223,0,0,0,0,1,0,0,1,0,0,0,0,0,0,0,0,1,0,0,1,0
25805,0,0,0,0,0,0,0,0,1,0,0,0,0,0,0,0,1,0,0,0,1
6624,0,0,0,0,0,0,0,1,0,0,0,0,1,0,0,0,1,0,0,0,0
3625,0,0,0,0,0,1,0,1,0,0,0,0,0,0,1,0,1,0,0,0,0
1662,0,0,1,0,0,0,0,0,0,0,1,0,0,0,1,0,1,0,0,0,0
371,0,1,0,0,0,0,0,0,0,1,1,1,0,0,0,0,1,0,1,0,0
29223,0,0,0,0,1,0,0,1,0,0,0,0,0,0,0,1,1,0,0,0,1
11531,0,0,0,0,0,1,0,0,0,0,0,0,0,0,0,0,1,0,0,0,1
8115,0,0,0,0,0,0,0,0,1,0,0,0,0,0,0,0,1,0,0,0,1
3787,0,0,0,0,0,0,0,0,0,1,0,0,0,0,1,0,1,0,0,0,0
21189,0,0,0,0,0,0,0,0,0,0,1,0,0,0,0,0,1,0,0,0,1
1095,0,0,0,0,1,0,0,0,0,0,1,0,0,0,0,0,1,0,0,0,0
2756,0,0,0,0,0,0,0,0,0,0,1,0,0,0,0,0,1,0,0,1,0
3280,1,0,0,0,0,0,0,1,0,1,0,0,0,0,0,1,1,0,0,0,0
1112,0,0,0,1,1,0,0,1,1,1,0,0,0,0,1,0,1,0,0,1,0
21339,0,0,0,0,0,0,0,1,0,0,0,0,0,0,0,0,1,0,0,0,1
25857,0,1,0,0,0,0,0,0,0,0,0,0,0,0,0,0,1,0,0,0,1
883,0,0,0,0,0,0,0,1,0,1,0,0,0,0,0,0,1,0,1,0,0
10681,0,0,0,0,0,1,0,1,0,0,0,0,0,0,0,0,1,0,0,0,1
1825,1,0,0,0,0,0,0,0,0,0,1,0,0,0,0,0,1,0,0,0,0
33581,1,0,0,1,0,0,0,1,0,1,0,1,1,0,0,0,1,0,0,0,1
31812,0,0,0,0,0,1,0,1,0,1,0,0,0,0,0,0,1,0,0,0,1
12783,1,0,0,1,0,1,0,0,0,1,0,0,0,0,0,0,1,0,0,0,1
885,0,0,0,0,0,0,0,0,0,0,1,0,0,0,1,0,1,0,0,0,0
9544,0,0,0,0,0,0,0,1,0,0,0,0,0,0,0,0,1,0,0,0,1
6527,0,1,0,0,0,0,0,1,0,1,0,1,0,0,0,0,1,0,0,0,0
12859,1,0,0,0,0,0,0,1,1,1,1,0,0,0,0,0,1,0,0,0,1
1506,1,0,0,0,0,0,0,0,1,1,0,0,0,0,0,0,1,0,0,1,0
31930,0,0,0,1,0,0,0,1,0,1,0,0,0,0,0,0,1,0,0,0,1
8443,0,1,0,0,0,0,0,0,0,1,0,1,0,0,1,0,1,0,0,0,0
463,1,0,0,0,0,0,0,1,1,1,0,0,0,0,0,0,1,0,0,1,0
758,0,0,0,0,1,0,0,1,0,0,1,0,1,0,0,0,1,0,0,1,0
3989,0,0,0,0,0,0,0,1,0,0,0,0,0,0,1,0,1,0,1,0,0
4280,0,0,0,0,0,1,0,1,0,0,0,0,0,0,0,0,1,0,0,1,0
23249,0,0,0,0,0,0,0,1,0,0,1,0,0,0,0,0,1,0,0,0,1
3910,0,0,0,0,0,1,0,1,0,1,0,0,1,0,1,0,1,0,1,0,0
15199,0,0,0,0,1,0,0,1,0,0,0,0,0,0,0,0,1,0,0,0,1
1111,0,0,0,1,1,0,0,1,1,1,0,0,0,0,1,0,1,0,0,1,0
28257,0,0,0,0,0,1,0,0,0,1,0,0,0,0,0,0,1,0,0,0,1
19653,0,0,0,0,1,0,0,1,0,0,0,0,0,0,0,1,1,0,0,0,1
32551,0,0,0,0,0,0,0,1,1,1,1,0,0,0,0,0,1,0,0,0,1
7695,0,0,0,0,0,0,0,1,1,0,0,0,0,0,0,0,1,0,0,0,1
892,1,0,0,0,0,0,0,1,1,1,0,0,0,0,0,0,1,0,0,0,0
21569,0,0,0,0,0,0,0,0,1,0,0,0,0,0,0,0,1,0,0,0,1
905,1,0,0,0,0,0,0,1,1,1,0,0,0,0,0,0,1,0,1,0,0
28957,0,0,1,0,0,1,1,0,1,0,0,0,0,0,0,0,1,0,0,0,1
2355,0,0,0,0,0,1,0,0,0,0,0,0,0,0,1,0,1,0,1,0,0
867,0,0,0,0,0,1,0,0,1,1,0,1,0,0,0,0,1,0,1,0,0
25015,0,0,0,0,0,1,0,1,0,0,0,0,0,0,0,0,1,0,0,0,1
894,1,0,0,0,0,0,0,1,1,1,0,0,0,0,0,0,1,0,0,0,0
6325,1,0,0,0,0,0,0,1,0,1,0,0,0,0,0,0,1,0,0,0,0
5310,0,0,0,0,1,0,0,1,0,0,0,0,1,0,0,0,1,0,0,0,0
12419,0,0,0,0,0,0,0,1,0,0,0,0,0,0,0,1,1,0,0,0,1
2847,0,0,0,0,0,0,0,1,1,1,1,0,0,0,0,0,1,0,0,1,0
10716,0,0,0,0,0,1,0,1,0,0,0,0,0,0,0,0,1,0,0,0,1
2063,0,0,0,0,1,0,0,1,0,0,0,0,0,0,1,0,1,0,0,0,0
7465,0,0,0,0,0,0,1,0,0,0,0,0,0,0,0,0,1,0,0,0,1
1527,0,0,0,0,0,0,0,0,1,1,0,0,0,0,0,1,1,0,0,1,0
3727,0,0,0,0,0,0,0,0,1,1,0,0,0,0,0,0,1,0,0,0,0
979,1,0,0,0,0,0,0,1,0,0,1,0,0,0,0,0,1,0,1,0,0
27825,0,0,0,0,0,0,0,1,1,0,0,1,0,0,0,0,1,0,0,0,1
1967,0,0,0,0,1,0,0,0,0,0,1,0,0,0,0,0,1,0,0,1,0
33686,1,0,0,0,1,0,0,1,1,0,0,0,0,0,0,0,1,0,0,0,1
35949,0,0,0,0,1,0,0,1,0,0,1,0,0,0,0,0,1,0,0,0,1
1290,0,0,0,0,1,0,0,0,0,0,0,0,0,0,0,0,1,0,0,1,0
2997,0,0,0,0,0,0,0,0,0,0,1,0,0,0,0,0,1,0,0,0,0
35851,0,0,0,0,0,0,0,0,0,0,1,0,0,0,0,0,1,0,0,0,1
1815,0,0,0,0,0,1,0,1,0,0,0,0,0,0,0,0,1,0,0,1,0
543,0,0,0,0,0,0,0,1,0,0,1,0,1,0,0,0,1,0,0,1,0
10717,0,0,0,0,0,1,0,1,0,0,0,0,0,0,0,0,1,0,0,0,1
9135,1,0,0,0,0,0,0,1,1,1,1,1,0,0,0,0,1,0,0,0,1
433,0,0,0,0,0,0,0,0,0,0,1,0,1,0,0,0,1,0,0,1,0
9204,0,0,0,0,0,0,0,1,1,0,0,0,0,0,0,0,1,0,0,0,1
11743,0,0,0,0,0,0,0,1,0,0,0,1,0,0,0,0,1,0,0,0,1
9751,0,0,0,0,0,0,0,1,0,0,0,1,0,0,0,0,1,0,0,0,1
32359,0,0,0,0,0,0,0,1,1,0,0,0,0,0,0,1,1,0,0,0,1
1116,0,0,0,0,0,0,1,0,0,0,1,0,0,0,0,0,1,0,1,0,0
10731,1,0,0,0,0,0,0,1,0,1,0,0,0,0,0,0,1,0,0,0,1
731,0,0,0,0,0,0,0,0,1,0,1,0,0,0,0,0,1,0,0,1,0
30695,0,0,0,0,0,0,0,0,0,0,0,0,0,0,0,0,1,0,0,0,1
906,1,0,0,0,0,0,0,1,1,1,0,0,0,0,0,0,1,0,1,0,0
3306,0,0,1,0,0,0,0,0,0,0,1,0,1,0,1,0,1,0,0,0,0
1301,0,0,0,0,0,0,0,0,1,0,1,0,0,0,0,0,1,0,0,0,0
28841,0,0,0,0,0,0,0,0,0,0,1,0,0,0,0,0,1,0,0,0,1
2069,0,0,0,0,0,0,0,0,1,0,0,0,0,0,0,0,1,0,1,0,0
17357,0,1,0,0,0,0,0,0,0,0,0,1,0,0,0,0,1,0,0,0,1
19195,0,0,0,0,1,0,0,0,0,0,0,0,0,0,0,0,1,0,0,0,1
3848,1,0,0,0,0,0,0,1,1,1,0,0,0,0,0,0,1,0,0,1,0
30869,0,0,1,0,0,1,0,1,0,0,0,0,0,0,0,0,1,0,0,0,1
3138,0,0,0,0,0,0,0,0,0,1,1,0,0,0,0,1,1,0,0,1,0
33302,1,0,0,0,0,0,0,0,0,1,1,0,0,0,0,0,1,0,0,0,1
6772,1,0,0,0,1,0,0,1,0,0,0,0,0,0,0,0,1,0,0,0,1
9252,1,0,0,0,1,0,0,1,0,0,0,0,0,0,0,0,1,0,0,0,1
13299,0,0,0,0,0,0,1,0,0,1,1,0,1,0,1,0,1,0,1,0,0
29868,0,1,0,0,0,0,0,0,0,0,0,1,0,0,0,0,1,0,0,0,1
34304,0,1,0,0,0,0,1,0,0,0,0,0,0,0,0,0,1,0,0,0,1
28771,1,0,0,0,0,0,0,0,1,0,0,0,0,0,0,0,1,0,0,0,1
2407,1,0,0,0,0,0,0,0,0,1,0,0,0,0,0,0,1,0,0,1,0
8100,0,0,0,0,0,0,0,1,0,0,0,0,0,0,0,0,1,0,0,0,1
8367,0,0,1,1,0,0,1,0,0,1,0,0,0,0,0,0,1,0,0,1,0
4991,0,0,0,0,0,0,1,0,0,0,0,0,0,0,0,1,1,0,0,0,0
30845,0,1,0,0,0,0,0,0,0,0,0,0,0,0,0,0,1,0,0,0,1
1468,1,0,0,0,0,0,0,1,0,0,0,0,0,0,1,0,1,0,0,0,0
28881,0,0,1,0,0,0,0,0,0,0,0,0,0,0,0,0,1,0,0,0,1
10313,0,0,0,0,0,0,0,0,0,0,0,0,0,0,0,0,1,0,0,0,0
2746,0,0,0,0,0,0,0,1,0,0,0,0,0,0,0,0,1,0,0,1,0
8142,0,0,0,0,0,1,1,0,0,0,1,0,0,0,0,0,1,0,0,0,1
2622,0,0,0,0,0,0,0,1,0,0,0,0,0,0,1,0,1,0,1,0,0
1209,0,0,1,0,0,0,0,1,0,0,0,0,0,0,0,0,1,0,0,1,0
31758,0,0,0,0,0,1,0,1,0,0,0,0,0,0,0,0,1,0,0,0,1
24543,0,0,0,0,0,1,0,1,0,0,0,0,0,0,0,0,1,0,0,0,1
34820,1,0,0,0,1,0,0,1,0,1,0,0,0,0,0,0,1,0,0,0,1
1367,1,0,0,0,0,0,0,0,1,1,0,0,0,0,0,0,1,0,0,1,0
3782,0,0,0,0,0,1,0,1,0,0,0,0,1,0,0,0,1,0,0,1,0
4472,0,0,0,0,0,0,1,0,0,1,0,0,0,0,1,0,1,0,0,1,0
1880,0,0,1,0,0,0,0,1,1,0,0,0,0,0,1,0,1,0,0,0,0
791,0,0,1,0,0,0,0,1,1,0,1,1,0,0,0,0,1,0,0,0,0
9724,1,0,0,0,1,0,0,1,0,0,0,0,0,0,0,0,1,0,0,0,1
33519,0,0,0,0,0,0,0,1,0,0,1,0,0,0,0,0,1,0,0,0,1
4917,0,0,0,0,0,0,0,0,1,0,0,0,1,0,0,1,1,0,0,0,0
2454,1,0,0,0,0,0,1,0,0,1,1,0,1,0,0,0,1,0,0,0,0
8898,0,0,0,0,0,0,0,1,0,0,0,0,0,0,1,0,1,0,0,0,0
2000,0,0,0,0,1,0,0,0,0,1,1,0,0,0,1,0,1,0,1,0,0
7786,0,0,0,0,0,0,0,1,1,0,0,0,0,0,0,0,1,0,0,0,0
31149,0,0,0,0,0,1,0,1,0,0,0,0,0,0,0,0,1,0,0,0,1
3446,0,0,0,0,0,0,0,1,0,0,0,0,0,0,0,0,1,0,0,1,0
265,1,0,0,0,0,0,0,0,0,1,0,0,0,0,1,0,1,0,0,1,0
1091,0,0,0,0,1,0,0,1,0,0,1,0,0,0,0,0,1,0,0,0,0
28675,0,0,0,0,0,1,1,0,0,0,0,0,0,0,0,0,1,0,0,0,1
31105,0,0,0,0,1,0,0,1,0,0,0,0,0,1,0,0,1,0,0,0,1
3674,0,0,0,0,0,0,0,0,0,1,0,0,0,0,0,1,1,0,0,1,0
30419,0,0,0,0,0,0,0,0,0,0,1,0,0,0,0,0,1,0,0,0,1
32160,0,1,0,0,0,0,0,1,0,1,0,1,0,0,0,0,1,0,0,0,1
2354,0,0,0,0,0,1,0,0,0,0,0,0,0,0,1,0,1,0,0,0,0
30790,1,0,0,0,0,0,0,0,0,0,1,0,0,0,0,0,1,0,0,0,1
25389,1,0,0,0,0,0,0,1,1,1,0,0,0,0,0,0,1,0,0,0,1
32437,1,0,0,0,0,0,0,1,1,1,1,0,0,0,0,1,1,0,0,0,1
25729,0,0,0,0,0,0,1,0,0,1,1,0,0,0,0,0,1,0,0,0,1
34299,0,0,0,0,0,0,0,1,1,1,1,0,0,0,0,0,1,0,0,0,1
617,1,0,0,0,0,1,0,0,1,0,0,0,1,0,0,0,1,0,1,0,0
3320,0,1,0,0,0,0,0,0,0,0,0,0,0,0,1,0,1,0,0,0,0
9745,0,0,0,0,0,0,0,1,0,0,0,0,0,0,0,0,1,0,0,0,1
28539,0,0,0,0,0,1,0,1,0,0,0,1,0,0,0,0,1,0,0,0,1
21557,0,0,0,0,0,0,0,0,0,0,1,0,0,0,0,0,1,0,0,0,1
7818,0,1,0,0,0,0,0,0,0,0,0,0,0,0,1,0,1,0,0,0,0
793,0,0,0,0,0,1,0,0,0,1,1,0,0,0,0,0,1,0,0,1,0
28911,0,0,0,0,0,0,1,0,0,1,0,0,0,0,0,1,1,0,0,1,0
734,0,0,0,0,0,0,0,0,0,0,1,0,1,0,1,0,1,0,0,1,0
3111,0,0,1,0,0,0,0,0,0,0,1,0,0,0,1,0,1,0,0,1,0
4672,0,0,1,0,1,0,0,1,0,0,0,0,0,0,0,0,1,0,0,1,0
1424,0,0,1,0,0,0,0,1,1,1,0,0,0,0,0,1,1,0,0,1,0
24655,0,0,0,0,0,0,0,0,0,0,0,0,1,0,0,0,1,0,0,0,1
8369,0,0,1,0,0,0,0,0,1,1,0,0,0,0,0,0,1,0,0,0,1
32005,1,0,0,0,0,0,0,1,0,0,0,0,0,0,0,0,1,0,0,0,1
21329,0,0,1,0,0,1,1,0,1,0,0,0,0,0,0,1,1,0,0,0,1
19123,1,0,0,0,0,0,0,1,1,1,1,0,0,0,0,1,1,0,0,0,1
10713,0,0,0,0,0,1,0,1,0,0,0,0,0,0,0,0,1,0,0,0,1
31765,0,0,0,0,0,0,0,1,1,0,0,0,1,0,0,0,1,0,0,0,1
1269,0,0,0,0,0,0,0,1,0,0,0,0,0,0,1,0,1,0,1,0,0
3602,0,0,0,0,0,0,0,1,0,0,1,0,0,0,0,0,1,0,1,0,0
3522,0,0,0,0,0,0,0,1,0,0,0,0,0,0,0,0,1,0,0,0,0
11979,0,0,0,0,0,0,0,0,0,0,1,1,0,0,0,0,1,0,0,0,1
21647,0,0,0,0,0,0,1,0,0,1,0,0,1,0,0,0,1,0,0,0,1
31762,0,1,0,0,0,0,0,0,0,0,0,0,0,0,0,0,1,0,0,0,1
4713,0,1,0,0,0,0,0,0,0,0,0,0,1,0,0,0,1,0,0,0,1
29756,0,0,0,0,0,0,0,0,1,0,0,0,0,0,0,0,1,0,0,0,1
31201,1,0,0,0,0,0,0,0,1,1,0,0,0,0,0,0,1,0,0,0,1
19193,0,0,0,0,1,0,0,0,0,0,0,0,0,0,0,0,1,0,0,0,1
11981,0,0,0,0,0,0,0,0,0,0,1,1,0,0,0,0,1,0,0,0,1
15039,0,0,0,0,0,1,1,0,0,0,1,0,0,0,0,0,1,0,0,0,1
10624,0,0,0,0,0,0,0,1,0,0,0,0,0,0,0,0,1,0,0,0,1
5205,0,0,0,0,0,1,0,1,0,0,0,0,1,0,0,0,1,0,0,0,0
10821,0,1,0,0,0,0,0,0,0,0,0,1,0,0,0,0,1,0,0,0,1
28851,1,0,0,0,0,0,0,0,0,0,1,0,0,0,0,0,1,0,0,0,1
2236,0,0,0,0,0,0,0,0,1,0,1,0,1,0,0,0,1,0,0,1,0
10259,0,0,0,0,0,1,0,0,1,0,1,0,1,0,0,0,1,0,0,0,1
23083,0,1,0,0,0,0,0,0,0,0,0,1,0,0,0,0,1,0,0,0,1
767,0,0,0,1,0,0,0,1,0,1,0,0,0,0,1,0,1,0,1,0,0
34302,0,1,0,0,0,0,0,1,0,1,0,1,0,0,0,0,1,0,0,0,1
5084,0,0,0,0,0,0,0,0,1,0,1,0,0,0,0,0,1,0,0,0,0
1268,0,0,0,0,0,0,0,1,0,0,1,0,0,0,1,0,1,0,0,1,0
34161,0,0,0,0,0,1,0,1,0,0,0,1,0,0,0,0,1,0,0,0,1
4447,1,0,0,0,0,0,0,0,1,1,0,0,0,0,0,0,1,0,0,1,0
32534,0,0,0,0,0,1,0,0,1,0,0,0,0,0,0,0,1,0,0,0,1
32900,0,0,0,0,0,1,0,1,0,0,0,1,0,0,0,0,1,0,0,0,1
2751,0,0,0,0,0,0,1,0,0,0,1,0,0,0,0,1,1,0,0,1,0
10334,0,0,0,0,0,0,0,1,1,1,0,0,1,0,0,1,1,0,1,0,0
1287,0,0,0,0,0,0,0,1,1,0,1,0,0,0,0,0,1,0,0,0,0
3751,0,0,0,0,0,0,0,0,0,0,0,0,0,0,0,0,1,0,0,0,0
33513,1,0,0,0,0,0,0,1,0,1,0,0,0,0,0,0,1,0,0,0,1
2472,1,0,0,0,0,0,0,1,1,1,0,0,0,0,0,0,1,0,0,1,0
713,0,0,0,0,0,1,0,0,0,0,1,0,1,0,0,0,1,0,0,1,0
33783,0,0,0,0,0,0,0,1,1,0,0,0,0,0,0,0,1,0,0,0,1
1940,1,0,0,1,0,0,0,0,1,1,0,0,0,0,1,0,1,0,0,0,0
13727,0,0,0,0,0,0,1,0,0,1,0,0,0,0,1,0,1,0,0,0,1
8487,0,0,0,0,0,1,0,1,0,0,0,0,0,0,0,0,1,0,0,0,1
902,1,0,0,0,0,0,0,1,1,1,0,0,0,0,0,0,1,0,1,0,0
22583,0,0,1,0,0,0,1,0,0,1,0,0,0,0,0,0,1,0,0,0,1
484,1,0,0,0,0,1,0,0,1,0,0,0,0,0,0,0,1,0,0,1,0
12113,0,0,1,0,0,1,0,1,1,0,1,0,0,0,0,0,1,0,0,0,1
34136,0,1,0,0,0,0,0,0,0,0,1,0,1,0,0,0,1,0,0,0,1
781,1,0,0,0,0,0,0,0,1,1,0,0,0,0,0,0,1,0,1,0,0
1296,0,0,0,0,1,0,0,1,0,1,0,0,0,0,1,0,1,0,0,0,0
393,0,1,0,0,1,0,0,0,1,0,1,0,1,0,0,0,1,0,0,1,0
28755,1,0,0,0,0,0,0,1,0,1,0,0,0,0,0,0,1,0,0,0,1
199,0,0,0,0,0,1,0,0,1,0,1,0,0,0,0,0,1,0,0,1,0
19191,0,0,0,0,1,0,0,0,0,0,0,0,0,0,0,0,1,0,0,0,1
1119,0,0,0,0,0,0,0,0,1,1,1,0,0,0,0,0,1,0,0,1,0
1525,0,0,0,0,0,0,0,1,1,1,0,0,0,0,0,1,1,0,0,1,0
36444,0,0,0,0,0,0,1,1,0,1,1,0,0,0,0,0,1,0,0,0,1
27411,0,0,0,0,1,0,0,1,0,0,0,0,0,0,0,0,1,0,0,0,1
3931,0,0,1,0,0,0,0,1,0,0,1,0,0,0,1,0,1,0,0,1,0
6028,1,0,0,0,0,0,0,0,0,1,0,0,0,0,0,0,1,0,0,0,0
1089,0,0,0,0,1,0,0,1,0,0,0,0,1,0,0,0,1,0,0,0,0
15227,0,0,1,0,0,0,0,0,0,0,1,0,0,0,0,0,1,0,0,0,1
6219,0,0,0,0,0,0,1,0,0,0,0,0,1,0,0,0,1,0,0,0,1
25755,1,0,0,0,0,0,0,0,0,0,1,0,0,0,0,0,1,0,0,0,1
3051,0,1,0,0,0,0,0,0,0,0,0,0,1,0,0,0,1,0,0,1,0
30364,1,0,0,0,0,0,0,0,0,1,1,0,0,0,0,0,1,0,0,0,1
3603,1,0,0,0,0,0,0,1,1,0,0,0,0,0,0,0,1,0,0,1,0
28805,0,0,0,0,0,1,0,0,1,0,0,0,0,0,0,0,1,0,0,0,1
28725,0,0,0,0,0,0,0,0,0,0,1,0,1,0,0,0,1,0,0,0,1
450,1,0,0,0,0,1,0,0,1,0,1,0,1,0,0,0,1,0,0,1,0
6169,0,0,0,0,0,1,0,1,0,0,0,1,0,0,0,0,1,0,0,0,0
6610,0,0,0,0,0,0,0,1,0,0,0,0,0,0,0,0,1,0,0,0,0
33845,0,0,0,0,0,0,1,0,0,0,1,0,0,0,0,0,1,0,0,0,1
1032,0,0,0,0,0,0,0,0,1,0,1,0,1,0,0,0,1,0,1,0,0
1920,0,0,0,0,0,0,0,1,1,1,1,0,1,0,0,0,1,0,0,0,0
19115,0,0,0,0,0,0,0,0,0,0,1,0,0,0,0,0,1,0,0,0,1
893,1,0,0,0,0,0,0,1,1,1,0,0,0,0,0,0,1,0,1,0,0
10116,0,0,1,0,0,0,0,0,0,1,0,0,0,0,0,0,1,0,0,0,1
13119,0,0,0,0,0,1,0,1,0,0,1,0,0,0,0,0,1,0,0,0,1
608,1,0,0,0,1,0,0,0,1,0,0,0,0,0,0,0,1,0,0,1,0
35082,0,0,0,0,0,0,0,0,0,0,1,0,0,0,0,0,1,0,0,0,1
29855,0,1,0,0,0,0,0,0,0,0,0,0,1,0,0,0,1,0,0,0,1
16680,0,0,0,0,0,0,0,1,1,1,0,0,0,0,0,0,1,0,0,0,1
522,1,0,0,0,0,0,0,0,1,0,1,0,1,0,0,0,1,0,0,1,0
9760,0,0,0,0,0,0,0,0,1,0,0,0,1,0,0,0,1,0,0,0,1
6675,0,0,0,0,0,0,0,1,0,0,0,0,0,0,0,0,1,0,0,0,0
2759,0,0,0,0,1,0,0,1,0,0,0,0,0,0,0,0,1,0,0,1,0
12115,0,0,1,0,0,1,0,1,1,0,1,0,0,0,0,0,1,0,0,0,1
8475,0,0,0,0,0,0,0,0,0,0,1,0,0,0,0,0,1,0,0,0,1
34244,0,0,1,0,0,0,0,0,0,1,0,0,0,0,0,0,1,0,0,0,1
8554,0,0,0,0,0,0,0,0,0,0,1,0,0,0,0,1,1,0,0,0,0
30868,0,0,1,0,0,1,0,1,0,0,0,0,0,0,0,0,1,0,0,0,1
452,1,0,0,0,0,0,0,0,1,1,1,0,1,0,0,0,1,0,0,1,0
8358,0,0,1,0,0,0,0,1,1,1,0,0,0,0,0,0,1,0,1,0,0
34792,0,0,0,0,0,0,0,0,1,0,0,0,0,0,0,0,1,0,0,0,1
25457,0,0,1,0,0,0,0,1,0,0,0,0,0,0,0,0,1,0,0,0,1
378,1,0,0,0,0,0,0,1,1,1,0,0,0,0,0,0,1,0,0,1,0
19489,0,0,0,0,0,0,0,0,1,1,0,1,0,0,0,0,1,0,0,0,1
34321,0,0,0,0,0,1,0,1,0,0,0,1,0,0,0,1,1,0,0,0,1
2061,0,0,0,0,0,0,0,1,0,0,0,0,0,0,1,0,1,0,0,0,0
2983,0,0,0,0,0,1,0,0,1,0,1,0,0,0,1,0,1,0,0,0,0
1879,0,0,1,0,0,0,0,1,0,0,0,0,0,0,1,0,1,0,0,0,0
2123,0,0,0,0,0,0,0,1,1,0,0,0,0,0,0,0,1,0,0,1,0
2734,0,0,0,0,1,0,0,1,0,0,0,0,0,0,1,0,1,0,0,1,0
7651,0,0,1,0,0,0,0,0,0,0,1,0,0,0,0,0,1,0,0,0,0
3089,0,0,0,0,0,0,0,0,0,0,1,0,0,0,0,0,1,0,0,1,0
1494,0,0,0,0,0,0,0,0,0,0,0,0,0,0,0,0,1,0,1,0,0
9365,0,0,0,0,0,0,0,1,1,1,0,0,0,0,1,0,1,0,0,1,0
12917,0,0,0,0,0,0,0,0,1,0,1,0,0,0,0,0,1,0,0,0,1
3152,0,0,0,0,0,0,0,1,1,0,0,0,0,0,1,0,1,0,1,0,0
937,0,0,0,0,1,0,0,1,1,0,0,0,0,0,1,0,1,0,0,0,0
15197,0,0,0,0,1,0,0,1,0,0,0,0,0,0,0,0,1,0,0,0,1
16255,0,0,1,0,0,0,0,0,1,0,0,0,0,0,1,0,1,0,1,0,0
10740,0,0,0,0,0,0,0,0,1,1,1,0,0,0,0,0,1,0,0,0,1
1094,1,0,0,0,0,0,0,1,1,1,0,0,0,0,0,1,1,0,0,1,0
12477,0,0,1,0,0,0,0,0,0,0,0,0,0,0,0,0,1,0,0,0,1
12965,0,1,0,0,0,0,0,0,0,0,0,1,0,0,0,0,1,0,0,0,1
536,1,0,0,0,0,0,0,0,1,1,0,1,0,0,0,0,1,0,1,0,0
7308,0,0,0,0,0,0,0,0,1,0,1,0,0,0,0,0,1,0,0,0,0
986,1,0,0,0,0,0,0,0,1,1,0,0,0,0,0,1,1,0,1,0,0
35191,0,0,0,0,0,0,1,0,0,0,0,0,0,0,0,0,1,0,0,0,1
10687,1,0,0,0,0,0,0,0,1,0,0,0,0,0,0,0,1,0,0,0,1
1923,0,0,0,0,0,0,0,1,1,1,1,0,1,0,0,0,1,0,0,0,0
1049,0,0,0,0,0,0,0,0,0,0,1,0,0,0,0,0,1,0,0,0,0
1245,0,1,0,0,0,1,0,1,0,0,1,0,0,0,1,0,1,0,1,0,0
32,0,0,0,0,1,0,0,0,0,0,1,0,0,0,0,0,1,0,1,0,0
2018,0,0,0,0,0,0,0,0,0,0,0,0,0,0,1,0,1,0,0,0,0
1041,0,0,0,0,0,0,0,0,0,0,1,0,1,0,1,0,1,0,1,0,0
1894,0,0,0,0,0,0,0,0,1,1,0,0,0,0,0,0,1,0,0,1,0
6217,0,0,1,0,0,0,0,0,0,1,0,0,0,0,0,0,1,0,1,0,0
2016,0,0,0,0,0,0,0,0,0,0,1,0,0,0,1,0,1,0,1,0,0
1766,0,0,0,0,0,0,0,1,0,0,0,0,0,0,1,0,1,0,1,0,0
33546,0,0,0,0,0,0,0,1,0,0,0,0,0,1,0,0,1,0,0,0,1
513,0,0,0,0,0,0,0,0,1,0,0,0,1,0,0,0,1,0,0,0,0
31978,0,0,1,0,0,0,0,0,0,1,0,0,0,0,0,0,1,0,0,0,1
1968,0,0,0,0,1,0,0,0,0,0,1,0,1,0,0,0,1,0,0,1,0
1521,0,0,0,0,0,0,0,0,0,0,1,0,0,0,0,0,1,0,1,0,0
28495,0,0,1,0,1,0,0,1,0,0,0,0,0,0,0,0,1,0,0,0,1
187,0,0,1,0,0,0,0,1,0,0,1,0,1,0,0,0,1,0,0,1,0
1505,1,0,0,0,0,0,0,0,1,1,0,0,0,0,0,0,1,0,0,1,0
1794,0,0,0,0,0,0,0,1,1,1,0,0,0,0,1,0,1,0,0,0,0
11001,0,0,0,0,0,0,0,1,0,1,0,0,1,0,0,0,1,0,0,0,1
6178,0,0,0,0,0,0,0,1,1,1,1,0,0,0,0,0,1,0,0,0,0
2468,0,0,0,0,0,0,0,0,0,0,1,0,1,0,1,0,1,0,1,0,0
10999,1,0,0,0,0,0,0,0,0,0,0,0,0,0,0,0,1,0,0,0,1
24687,0,0,1,0,0,1,1,0,1,0,0,0,0,0,0,1,1,0,0,0,1
2594,0,0,1,0,0,0,0,0,1,1,1,0,0,0,0,0,1,0,0,1,0
464,1,0,0,0,0,0,0,0,1,1,0,0,0,0,0,0,1,0,0,1,0
2427,0,0,0,0,0,0,0,0,1,0,0,0,0,0,0,0,1,0,0,0,0
30870,0,0,1,0,0,1,0,1,0,0,0,0,0,0,0,0,1,0,0,0,1
13335,0,0,0,0,0,1,0,1,0,0,1,0,0,0,0,0,1,0,0,0,1
2020,1,0,0,0,0,0,0,0,1,1,0,0,0,0,0,1,1,0,0,1,0
544,0,0,0,0,0,0,0,1,1,0,0,0,0,0,0,0,1,0,0,0,0
499,1,0,0,0,0,1,0,0,1,0,0,0,1,0,1,0,1,0,0,0,0
4697,0,0,0,0,0,0,0,0,0,0,1,0,0,0,1,0,1,0,1,0,0
11977,0,0,0,0,0,0,0,0,0,0,1,1,0,0,0,0,1,0,0,0,1
4155,1,0,0,0,0,0,0,1,1,1,1,0,0,0,0,0,1,0,0,0,0
36215,1,0,0,0,0,0,0,1,1,1,1,0,0,0,0,1,1,0,0,0,1
570,0,0,0,0,0,0,0,0,0,0,1,0,1,0,0,0,1,0,1,0,0
1118,0,0,0,0,0,0,0,1,1,1,1,0,0,0,0,0,1,0,0,1,0
891,1,0,0,0,0,0,0,1,1,1,0,0,0,0,0,0,1,0,0,0,0
34428,0,0,0,0,0,1,0,1,0,0,0,1,0,0,0,0,1,0,0,0,1
2249,0,0,0,0,0,0,0,1,1,0,0,0,0,0,1,0,1,0,0,0,0
21707,0,1,0,0,0,0,0,0,0,0,0,0,0,0,0,0,1,0,0,0,1
10294,0,0,0,0,0,1,0,1,0,0,0,0,0,0,0,0,1,0,0,0,1
31866,0,0,0,0,0,0,0,1,1,0,0,0,0,0,0,0,1,0,0,0,1
1566,0,0,1,0,1,0,0,0,0,0,0,0,0,0,0,1,1,0,0,1,0
30346,0,0,0,0,0,0,1,0,0,0,0,0,1,0,0,0,1,0,0,0,1
3014,0,0,0,0,0,0,0,1,0,0,0,0,0,0,0,0,1,0,0,0,0
429,0,1,0,0,0,0,0,0,0,1,1,0,0,0,1,0,1,0,0,1,0
6951,1,0,0,0,0,0,0,0,1,0,0,0,0,0,0,0,1,0,0,0,1
1824,0,0,0,0,0,0,0,0,0,0,1,0,0,0,0,0,1,0,0,0,0
7711,0,0,0,0,0,0,0,0,0,0,0,0,0,0,0,0,1,0,0,0,1
449,1,0,0,0,0,1,0,0,1,1,1,0,1,0,0,0,1,0,0,1,0
9095,0,0,0,0,0,0,0,0,1,0,0,0,0,0,0,1,1,0,0,0,0
30290,0,0,0,0,0,0,0,0,0,1,0,0,0,0,0,0,1,0,0,0,1
14735,1,0,0,0,0,0,0,0,1,1,0,0,0,0,0,0,1,0,0,0,1
2008,0,0,0,0,0,0,1,0,0,1,0,0,0,0,0,0,1,0,1,0,0
20021,0,0,0,0,0,0,0,1,1,0,0,0,1,0,0,1,1,0,0,0,1
1477,1,0,0,0,0,0,0,1,0,1,0,0,0,0,0,1,1,0,1,0,0
35111,1,0,0,0,0,0,0,0,0,1,1,0,0,0,0,0,1,0,0,0,1
7014,0,0,0,0,0,1,0,0,0,0,1,0,0,0,0,0,1,0,0,0,1
2950,0,0,0,0,0,0,1,0,0,0,0,0,0,0,0,0,1,0,0,1,0
437,0,0,0,0,0,0,0,0,0,0,1,0,0,0,0,0,1,0,1,0,0
8888,0,0,0,0,1,0,0,1,0,0,0,0,0,0,0,0,1,0,0,0,1
6988,1,0,0,0,0,0,0,0,1,1,0,0,0,0,0,0,1,0,0,0,1
36517,0,0,0,0,0,0,0,1,0,0,0,0,0,0,1,0,1,0,0,0,1
6467,1,0,0,0,0,0,0,1,0,0,0,0,0,0,0,0,1,0,0,0,1
442,1,0,0,0,0,1,0,0,1,1,1,0,0,0,0,0,1,0,0,1,0
24997,0,0,0,0,0,0,1,0,0,0,0,0,0,0,0,0,1,0,0,0,1
6909,0,0,0,0,0,0,0,0,1,0,0,0,0,0,0,1,1,0,0,0,0
8097,0,0,1,0,0,0,0,1,1,1,0,0,0,0,0,1,1,0,0,0,1
9617,0,0,0,0,0,0,1,0,0,1,0,0,0,0,0,0,1,0,0,0,1
5029,1,0,0,0,0,0,0,1,0,0,0,0,0,0,0,0,1,0,0,1,0
5681,0,0,0,0,0,0,0,0,0,1,0,0,0,0,0,0,1,0,0,0,0
34376,0,0,0,0,0,0,1,0,0,0,1,1,0,0,0,0,1,0,0,0,1
21701,1,0,0,0,0,0,0,0,0,0,0,0,0,0,0,1,1,0,1,0,0
7876,0,0,0,0,0,0,0,0,1,0,0,0,0,0,0,0,1,0,0,0,0
3127,0,0,0,0,0,0,0,1,1,1,0,0,0,0,1,0,1,0,0,0,0
1302,0,0,0,0,0,0,0,0,1,0,1,0,0,0,0,0,1,0,0,0,0
904,1,0,0,0,0,0,0,1,1,1,0,0,0,0,0,0,1,0,1,0,0
974,0,0,0,0,0,0,0,0,1,1,0,0,0,0,0,0,1,0,0,1,0
23279,0,0,0,0,0,0,0,0,0,0,0,0,0,0,0,0,1,0,0,0,1
3785,0,0,0,0,1,0,0,1,0,0,0,0,0,0,0,0,1,0,0,0,1
19021,0,0,0,0,0,0,1,0,0,1,1,0,1,0,0,0,1,0,0,0,1
35608,0,0,0,0,0,0,1,0,0,1,1,0,1,0,0,0,1,0,0,0,1
16239,1,0,0,0,0,0,0,1,1,1,0,0,0,0,0,1,1,0,0,0,1
4596,0,0,0,0,1,0,0,1,0,0,0,0,0,0,1,0,1,0,0,1,0
15323,1,0,0,0,0,0,0,1,1,1,1,0,0,0,0,1,1,0,0,0,1
4703,0,1,0,0,0,0,0,0,0,0,0,1,1,0,0,0,1,0,0,1,0
10092,1,0,0,0,1,0,0,1,0,0,0,0,0,0,0,0,1,0,0,0,1
6855,0,0,0,0,0,0,0,0,1,0,0,0,0,0,0,0,1,0,0,0,0
5460,1,0,0,0,0,0,0,1,0,0,0,0,0,0,0,0,1,0,0,0,0
17947,0,0,0,0,0,0,0,1,0,0,1,1,0,0,0,0,1,0,0,0,1
1626,1,0,0,0,1,0,0,1,1,1,1,0,0,0,0,0,1,0,0,0,0
8361,0,0,1,1,0,0,1,0,0,1,0,0,0,0,0,0,1,0,1,0,0
468,0,0,0,0,1,0,0,0,0,0,0,0,0,0,0,0,1,0,0,1,0
2060,0,0,0,0,1,0,0,1,1,0,0,0,0,0,0,0,1,0,0,0,0
15347,0,0,0,0,0,0,0,0,1,1,0,0,0,0,0,0,1,0,0,0,0
897,1,0,0,0,0,0,0,1,1,0,0,0,0,0,0,0,1,0,1,0,0
1237,1,0,0,0,0,0,0,1,1,1,0,0,0,0,0,1,1,0,0,1,0
33032,0,0,1,0,0,0,0,1,1,1,0,0,0,0,1,0,1,0,0,0,1
34036,1,0,0,0,0,0,0,0,1,1,0,0,0,0,0,1,1,0,0,0,1
30413,1,0,0,0,0,0,0,0,0,1,1,0,0,0,0,0,1,0,0,0,1
16528,0,1,0,0,0,0,0,0,0,0,1,0,1,0,0,0,1,0,0,0,1
19951,1,0,0,0,0,0,0,1,1,0,0,0,0,0,0,0,1,0,0,0,1
3323,0,0,0,0,0,0,0,1,0,0,1,0,0,0,1,0,1,0,0,1,0
31757,0,0,0,0,0,1,0,1,0,0,0,0,0,0,0,0,1,0,0,0,1
1922,0,0,0,0,0,0,0,1,1,1,1,0,1,0,0,0,1,0,0,0,0
7664,0,0,0,0,0,0,0,0,1,0,0,0,0,0,0,0,1,0,0,0,0
3220,0,0,0,0,0,0,0,0,0,0,1,0,0,0,0,0,1,0,0,0,0
33520,0,0,0,0,0,0,0,1,0,0,1,0,0,0,0,0,1,0,0,0,1
10114,1,0,0,0,0,0,0,0,0,1,0,0,0,0,0,0,1,0,0,0,1
1207,0,1,0,0,0,0,0,0,0,0,1,0,1,0,0,0,1,0,0,0,0
10690,0,0,0,0,0,0,0,0,1,0,0,1,0,0,0,0,1,0,0,0,1
2309,0,0,0,0,0,0,1,0,0,1,0,0,0,0,1,0,1,0,0,1,0
12499,0,0,1,0,0,0,0,0,0,1,0,0,0,0,0,0,1,0,0,0,1
1451,0,0,0,0,0,1,0,1,0,0,0,0,0,0,0,0,1,0,1,0,0
875,0,0,0,0,0,0,0,0,1,1,0,0,1,0,0,0,1,0,0,1,0
16442,0,1,0,0,0,0,0,1,0,0,0,1,0,0,0,0,1,0,0,0,1
23931,0,0,0,0,0,0,0,1,0,0,1,0,0,0,0,1,1,0,0,0,1
2313,0,0,0,0,0,0,0,0,1,1,0,0,0,0,0,0,0,1,1,0,0
7598,0,0,0,0,0,0,0,0,0,0,0,0,0,0,0,0,0,1,0,0,1
17157,0,0,0,1,0,0,0,0,0,1,1,0,0,0,1,0,0,1,0,0,1
10029,0,1,0,0,0,0,0,0,0,0,0,0,1,0,0,0,0,1,0,0,1
8550,1,0,0,0,0,0,0,0,0,1,0,0,0,0,0,0,0,1,1,0,0
2045,0,1,0,0,0,0,0,0,0,1,0,1,1,0,1,0,0,1,0,0,0
16870,1,0,0,0,0,0,0,1,0,0,0,0,1,0,0,0,0,1,0,0,1
15307,0,1,0,0,0,0,0,0,0,0,0,1,0,0,0,0,0,1,0,0,1
4106,1,0,0,0,0,0,0,1,1,1,1,0,0,0,0,0,0,1,0,0,1
31245,0,0,0,0,0,0,0,0,0,0,0,0,1,0,0,0,0,1,0,0,1
15783,0,0,1,0,0,0,0,1,1,1,0,0,0,0,0,1,0,1,0,0,1
2154,0,0,0,0,0,1,0,1,1,0,0,0,0,0,0,0,0,1,0,1,0
31658,1,0,0,0,0,0,0,0,0,0,0,0,0,0,0,0,0,1,0,0,1
9154,1,0,0,0,0,0,0,0,0,0,0,0,0,0,0,0,0,1,1,0,0
8246,1,0,0,0,0,0,0,1,0,1,0,0,0,0,0,0,0,1,0,0,1
1795,0,0,0,0,0,0,0,1,1,1,0,0,0,0,1,0,0,1,1,0,0
17187,0,0,0,0,1,0,0,0,0,0,0,0,0,0,0,0,0,1,0,0,1
31373,0,0,0,0,0,0,0,0,1,0,0,0,0,0,0,0,0,1,0,0,1
7472,1,0,0,0,0,0,0,1,0,1,0,0,0,0,0,0,0,1,0,0,1
950,1,0,0,0,0,0,0,0,1,0,0,0,0,0,0,0,0,1,0,1,0
430,1,0,0,0,0,0,0,0,0,1,1,0,0,0,0,0,0,1,0,1,0
10342,1,0,0,0,1,0,0,1,1,0,1,0,0,0,0,0,0,1,0,0,0
6733,0,0,0,0,0,0,0,0,0,0,1,0,0,0,0,1,0,1,0,0,0
32870,1,0,0,0,0,0,0,0,0,0,0,0,0,0,0,0,0,1,0,0,1
1240,0,1,0,0,0,0,0,0,0,0,1,1,0,0,0,0,0,1,1,0,0
21497,0,0,0,0,0,0,0,1,0,0,0,0,0,0,0,1,0,1,0,0,1
1252,0,0,0,0,0,0,0,1,1,0,1,0,1,0,0,0,0,1,1,0,0
5535,0,0,0,0,0,0,1,0,1,0,1,0,0,0,0,0,0,1,1,0,0
25907,0,0,0,0,0,0,0,0,0,0,0,0,0,0,0,0,0,1,0,0,1
3147,0,0,0,0,0,0,0,0,0,0,1,0,0,0,0,0,0,1,1,0,0
2009,0,0,0,0,0,0,1,1,0,1,1,0,0,0,0,1,0,1,1,0,0
11255,0,0,0,1,0,0,0,1,0,0,0,0,0,0,1,0,0,1,0,0,1
3488,0,0,0,0,0,0,0,0,0,0,1,0,1,0,0,0,0,1,0,0,0
3758,0,0,0,0,0,0,0,0,1,0,0,0,0,0,0,0,0,1,0,0,0
28479,1,0,0,0,0,0,0,1,0,0,0,0,0,0,0,0,0,1,0,0,1
3032,1,0,0,0,0,0,0,0,1,0,1,0,0,0,0,0,0,1,0,1,0
34962,0,0,0,0,0,0,0,1,1,1,1,0,0,0,0,0,0,1,0,0,1
1298,0,0,0,0,1,0,0,1,0,1,0,0,0,0,1,0,0,1,0,0,0
32086,0,0,1,0,1,0,0,1,0,0,1,0,0,0,0,0,0,1,0,0,1
10589,1,0,0,0,0,0,0,1,1,0,0,0,0,0,0,0,0,1,0,0,1
34504,1,0,0,0,0,0,1,0,0,1,0,0,0,0,0,0,0,1,0,0,1
32321,0,0,1,0,0,0,0,1,1,1,0,0,0,0,0,1,0,1,0,0,1
1270,0,0,0,0,1,0,0,1,0,0,0,0,0,0,1,0,0,1,0,0,0
30778,1,0,0,0,0,0,0,1,1,1,0,1,0,0,0,0,0,1,0,0,1
264,1,0,0,0,0,0,0,0,0,1,0,0,0,0,0,1,0,1,0,1,0
1297,0,0,0,0,1,0,0,1,0,1,0,0,0,0,1,0,0,1,0,0,0
4970,0,0,0,0,0,0,0,1,1,0,0,0,0,0,0,0,0,1,0,0,0
29831,0,0,0,0,0,0,1,0,0,1,1,0,0,0,0,0,0,1,0,0,1
743,0,0,0,0,0,0,1,0,0,0,1,0,1,0,0,1,0,1,1,0,0
2848,1,0,0,0,0,0,0,0,1,0,0,0,0,0,0,0,0,1,0,1,0
35315,0,0,0,0,0,1,0,0,0,0,0,0,0,0,0,0,0,1,0,0,1
5228,0,0,1,0,0,0,0,1,0,0,1,0,0,0,1,0,0,1,0,1,0
461,1,0,0,0,0,0,0,1,1,1,0,0,0,0,0,0,0,1,0,1,0
216,0,0,0,0,0,0,0,0,0,1,0,0,1,0,0,0,0,1,0,1,0
5,0,0,0,0,0,0,0,1,0,0,1,0,0,0,0,0,0,1,0,1,0
1174,0,0,0,0,0,0,0,0,0,0,0,1,1,0,1,0,0,1,0,1,0
12745,1,0,0,0,0,0,0,1,0,0,1,0,0,0,0,0,0,1,0,0,0
12117,1,0,0,0,0,0,0,0,1,1,0,0,0,0,0,0,0,1,0,0,1
9979,0,1,0,0,0,0,0,1,0,0,0,1,0,0,0,0,0,1,0,0,1
896,1,0,0,0,0,0,0,1,1,1,0,0,0,0,0,0,0,1,1,0,0
34540,0,0,0,0,0,0,0,1,1,1,0,0,0,0,0,0,0,1,0,0,1
27653,0,0,1,0,0,0,0,1,1,1,0,0,0,0,0,0,0,1,0,0,1
23777,1,0,0,0,0,0,0,1,0,0,1,0,0,0,0,0,0,1,0,0,1
4107,0,0,0,0,1,0,0,1,0,1,0,0,0,0,0,0,0,1,0,1,0
2429,0,0,0,0,0,0,0,0,1,0,0,0,0,0,0,0,0,1,0,0,0
12053,0,0,0,0,0,0,0,1,0,0,0,0,0,0,0,0,0,1,0,0,1
12017,0,0,0,0,0,0,0,1,0,1,0,0,0,0,0,0,0,1,0,0,1
33730,1,0,0,0,0,0,0,1,1,0,0,1,0,0,0,0,0,1,0,0,1
33728,1,0,0,0,0,0,0,1,1,0,0,1,0,0,0,0,0,1,0,0,1
21635,0,0,0,0,0,0,1,0,0,1,0,0,0,0,0,1,0,1,0,0,1
3120,0,0,0,0,0,0,1,0,0,0,1,0,1,0,0,0,0,1,0,0,0
4481,0,0,0,0,0,0,0,0,1,0,0,0,0,0,0,0,0,1,0,0,0
21469,1,0,0,0,0,0,0,0,0,1,0,0,0,0,0,0,0,1,0,0,1
34100,0,0,0,0,0,0,0,1,0,1,0,1,0,0,0,0,0,1,0,0,1
4835,1,0,0,0,0,1,0,1,0,1,0,0,0,0,0,0,0,1,0,1,0
11705,0,0,0,0,0,0,0,1,0,0,0,0,0,0,0,0,0,1,0,0,1
2695,0,0,0,0,1,0,0,1,1,0,0,0,0,0,0,0,0,1,1,0,0
34541,0,0,0,0,0,0,0,0,1,0,0,1,0,0,0,0,0,1,0,0,1
985,1,0,0,0,0,0,0,0,1,0,1,0,0,0,0,1,0,1,1,0,0
6372,0,0,0,0,0,0,1,0,0,1,1,0,1,0,0,0,0,1,0,0,0
33025,0,0,1,0,1,0,0,1,0,0,0,0,0,0,0,0,0,1,0,0,1
2973,0,0,0,0,0,0,0,0,0,0,0,0,0,0,1,0,0,1,0,0,0
155,0,0,0,0,0,1,0,1,0,0,1,1,0,0,0,0,0,1,1,0,0
1829,0,0,0,0,0,0,0,0,1,0,0,1,0,0,0,0,0,1,0,1,0
3760,0,0,0,0,0,0,0,0,1,0,0,0,0,0,0,0,0,1,0,0,0
405,0,0,0,0,0,1,0,0,0,0,0,0,0,0,0,0,0,1,0,1,0
8450,0,0,0,0,0,0,0,0,0,0,1,0,0,0,0,0,0,1,1,0,0
23293,0,0,1,0,0,0,0,1,1,1,1,0,0,0,0,0,0,1,0,0,1
16782,0,0,0,0,0,0,1,0,0,0,1,0,1,0,0,0,0,1,0,0,1
1208,0,0,0,0,0,0,0,0,1,0,0,0,0,0,0,0,0,1,0,0,0
1121,0,0,0,0,0,0,0,0,1,1,1,0,0,0,0,0,0,1,0,1,0
415,0,0,0,0,0,0,1,0,0,1,0,0,0,0,0,0,0,1,1,0,0
3222,0,0,0,0,1,0,0,1,0,0,0,0,0,0,0,0,0,1,0,1,0
1092,0,0,0,0,1,0,0,1,1,0,1,0,0,0,0,0,0,1,0,0,0
14293,0,0,0,0,0,0,0,0,0,0,0,0,1,0,0,0,0,1,0,0,1
2103,1,0,0,0,0,0,0,0,0,0,1,0,0,0,1,0,0,1,0,0,0
10389,0,0,0,0,0,1,0,0,0,0,1,0,0,0,0,0,0,1,0,0,1
5753,0,1,0,0,0,0,0,1,0,0,0,1,0,0,0,0,0,1,0,0,0
2952,0,0,0,0,0,0,0,1,0,0,0,0,0,0,1,0,0,1,0,0,0
1042,0,0,0,0,0,0,0,0,0,0,1,0,1,0,1,0,0,1,1,0,0
1441,0,0,0,0,0,0,0,0,0,0,1,0,0,0,0,0,0,1,0,0,0
16247,0,1,0,0,0,0,0,0,0,0,0,0,0,0,1,0,0,1,1,0,0
1029,0,0,0,0,0,0,1,0,0,0,1,0,1,0,0,0,0,1,1,0,0
29093,0,0,0,0,0,0,0,0,0,0,1,0,0,0,0,1,0,1,0,0,1
2593,0,0,0,0,0,1,0,1,0,0,0,0,0,0,0,0,0,1,0,1,0
2422,1,0,0,0,0,0,0,1,1,1,0,0,0,0,1,0,0,1,0,0,0
32051,1,0,0,0,0,0,0,1,1,1,0,0,0,0,0,1,0,1,0,0,1
31853,0,0,0,0,0,0,0,1,0,0,0,0,0,0,0,0,0,1,0,0,1
645,1,0,0,0,0,0,0,0,0,0,0,0,0,0,0,1,0,1,0,1,0
8133,0,1,0,0,0,0,0,1,0,0,0,1,0,0,0,0,0,1,0,0,1
28915,0,0,0,0,0,0,1,0,0,1,0,0,0,0,0,1,0,1,0,0,1
900,1,0,0,0,0,0,0,1,1,1,0,0,0,0,0,0,0,1,1,0,0
9917,0,0,0,0,0,0,0,0,1,1,1,0,0,0,0,0,0,1,0,0,1
19613,0,0,1,0,0,0,0,1,0,0,0,0,0,0,0,0,0,1,0,0,1
7667,1,0,0,0,0,0,0,0,0,1,0,0,0,0,0,0,0,1,0,0,0
7135,0,0,0,0,0,1,0,0,1,0,0,1,0,0,0,0,0,1,0,0,1
7059,0,0,0,0,0,0,1,1,0,0,1,0,0,0,1,0,0,1,0,0,1
2753,0,0,0,0,0,0,0,0,0,0,1,0,0,0,0,0,0,1,1,0,0
12049,1,0,0,0,0,0,0,1,1,1,0,1,0,0,0,0,0,1,0,0,1
10417,0,0,0,0,0,0,0,0,0,0,0,0,0,0,1,0,0,1,0,0,1
33034,0,0,1,0,0,0,1,0,0,1,0,0,0,0,0,0,0,1,0,0,1
16662,0,0,0,0,0,0,0,0,0,0,1,0,1,0,0,0,0,1,0,0,1
33221,0,0,0,0,1,0,0,1,0,0,1,0,0,0,0,0,0,1,0,0,1
2062,0,0,0,0,0,0,0,1,0,0,0,0,0,0,1,0,0,1,0,0,0
10715,0,0,0,0,0,1,0,1,0,0,0,0,0,0,0,0,0,1,0,0,1
31919,0,1,0,0,0,0,1,0,0,0,0,0,0,0,0,0,0,1,0,0,1
4282,0,0,0,0,0,1,0,1,0,0,1,0,1,0,0,0,0,1,0,1,0
884,0,0,0,0,0,0,0,1,0,0,0,0,0,0,0,0,0,1,0,1,0
33338,1,0,0,0,0,0,0,1,1,1,1,0,0,0,0,1,0,1,0,0,1
11445,0,0,0,0,0,0,0,0,0,1,0,0,1,0,0,1,0,1,0,1,0
9000,0,0,0,0,0,0,0,0,1,0,0,0,1,0,0,0,0,1,0,0,1
9790,1,0,0,1,0,1,0,0,0,1,1,0,1,0,0,0,0,1,0,0,1
8134,0,0,0,0,0,0,0,0,0,1,0,0,0,0,0,0,0,1,0,0,1
9465,1,0,0,0,1,0,0,1,0,0,0,0,0,0,0,0,0,1,0,0,1
664,1,0,0,0,0,0,0,0,1,1,1,0,0,0,0,1,0,1,0,1,0
2623,0,0,0,0,0,0,0,0,0,0,1,0,0,0,0,0,0,1,1,0,0
4983,0,0,0,0,0,0,0,0,1,1,0,0,0,0,0,0,0,1,0,1,0
13117,0,0,0,0,0,1,0,1,0,0,1,0,0,0,0,0,0,1,0,0,1
31280,0,0,0,0,0,0,0,0,0,0,0,0,0,0,0,0,0,1,0,0,1
2614,0,0,0,0,0,0,0,0,1,0,1,0,0,0,0,0,0,1,0,0,0
35880,1,0,0,0,0,0,0,0,0,1,1,0,0,0,0,0,0,1,0,0,1
2099,0,0,0,0,0,1,0,0,1,0,0,0,0,0,0,0,0,1,1,0,0
13667,1,0,0,0,0,0,0,1,1,0,0,0,0,0,0,0,0,1,0,0,1
25537,0,0,0,0,0,1,0,1,0,0,0,1,0,0,0,0,0,1,0,0,1
34375,0,0,0,0,0,0,1,0,0,0,1,1,0,0,0,0,0,1,0,0,1
16700,0,0,0,0,0,0,0,0,0,0,0,0,0,0,1,0,0,1,0,0,1
1796,0,0,0,0,0,0,0,1,1,1,0,0,0,0,0,0,0,1,0,0,0
2201,0,0,0,0,0,0,0,1,1,0,1,0,0,0,0,0,0,1,0,1,0
5998,0,0,0,0,0,0,0,0,0,0,0,0,0,0,0,0,0,1,0,0,0
31485,0,1,0,0,0,0,1,0,0,0,0,0,0,0,0,0,0,1,0,0,1
29755,1,0,0,0,0,0,0,0,0,1,1,0,0,0,0,0,0,1,0,0,1
8245,0,0,0,0,0,0,0,0,1,1,0,0,0,0,0,0,0,1,0,0,1
3783,0,0,0,0,0,1,0,1,0,0,1,0,0,0,0,0,0,1,0,1,0
33724,0,0,0,0,0,0,0,1,0,0,0,0,0,0,0,0,0,1,0,0,1
2077,1,0,0,0,0,0,0,0,0,0,0,0,0,0,0,0,0,1,1,0,0
304,0,0,1,0,0,1,0,0,0,1,0,1,1,0,0,0,0,1,0,1,0
3037,0,0,0,0,0,0,0,0,0,1,0,0,0,0,0,0,0,1,1,0,0
7654,0,0,0,0,0,0,0,0,0,0,1,0,0,0,0,1,0,1,0,0,0
1146,1,0,0,0,0,0,0,0,0,1,0,0,1,0,1,0,0,1,1,0,0
8745,0,0,0,0,0,1,0,1,0,0,0,0,0,0,1,0,0,1,1,0,0
11737,1,0,0,0,0,1,0,1,0,0,0,0,0,0,0,0,0,1,0,0,1
2901,0,0,0,0,0,0,0,1,0,1,0,0,0,0,0,0,0,1,1,0,0
36688,0,0,0,1,0,0,0,1,0,0,0,0,1,0,1,0,0,1,0,0,1
4786,0,0,0,1,0,0,0,0,0,1,0,0,0,0,1,0,0,1,0,1,0
8248,0,0,0,0,1,0,0,1,0,0,1,0,0,0,1,0,0,1,0,0,1
32108,0,0,0,0,0,0,0,1,1,1,1,0,0,0,0,0,0,1,0,0,1
2098,1,0,0,1,0,0,1,0,0,1,1,1,1,0,0,0,0,1,1,0,0
33218,0,0,0,0,0,0,0,0,0,0,1,0,0,0,0,0,0,1,0,0,1
4640,0,0,0,0,0,0,0,0,0,1,1,0,0,0,0,0,0,1,1,0,0
9789,0,0,0,0,0,0,0,0,1,0,0,0,0,0,0,0,0,1,0,1,0
6927,0,0,0,0,0,0,0,0,0,1,0,0,1,0,0,0,0,1,0,0,0
36466,0,0,0,0,0,0,0,1,1,1,1,0,0,0,0,0,0,1,0,0,1
4026,0,0,0,0,0,0,0,1,1,0,0,0,0,0,0,0,0,1,0,1,0
2346,0,0,1,0,0,0,0,1,0,0,1,0,0,0,1,0,0,1,0,1,0
31231,0,0,0,0,0,0,0,0,1,0,0,0,0,0,0,0,0,1,0,0,1
36616,0,0,0,0,0,1,1,1,0,1,0,0,0,0,0,1,0,1,0,0,1
3069,0,0,0,0,0,0,0,1,1,0,1,0,0,0,0,0,0,1,0,0,0
30415,0,0,0,0,0,0,1,0,0,0,0,0,0,0,0,0,0,1,0,0,1
2055,0,0,0,0,0,0,1,0,1,0,1,0,0,0,0,0,0,1,1,0,0
578,0,0,0,0,0,0,0,0,0,0,1,0,0,0,0,0,0,1,0,0,0
2182,0,0,0,0,0,0,0,0,0,0,0,0,0,0,1,0,0,1,0,0,0
1328,0,0,1,0,0,0,0,0,0,1,0,0,1,0,1,0,0,1,0,0,0
2765,0,0,0,0,0,0,0,1,0,0,0,0,0,0,0,0,0,1,0,0,0
17269,0,0,0,0,0,0,0,1,0,0,1,0,0,0,0,0,0,1,0,0,1
35198,0,0,0,0,0,0,1,0,0,0,0,0,0,0,0,1,0,1,0,0,1
2418,0,0,0,0,0,0,0,1,1,0,0,0,0,0,0,0,0,1,0,1,0
1793,0,0,0,0,0,0,0,1,0,0,1,0,0,0,0,0,0,1,1,0,0
7816,1,0,0,0,0,0,0,0,0,1,0,0,0,0,0,0,0,1,1,0,0
1943,0,0,0,0,0,0,0,0,0,0,0,0,0,0,0,0,0,1,0,1,0
899,1,0,0,0,0,0,0,1,1,1,0,0,0,0,0,0,0,1,1,0,0
1248,0,0,0,0,1,0,0,1,0,0,1,0,1,0,1,0,0,1,0,1,0
31678,0,0,0,0,0,0,0,1,1,0,0,1,0,0,0,0,0,1,0,0,1
8317,0,0,0,0,0,0,0,0,0,1,0,0,0,0,0,1,0,1,0,1,0
4565,0,0,0,0,1,0,0,1,0,0,0,0,0,0,0,0,0,1,0,0,0
1362,1,0,0,0,0,0,0,1,0,0,0,0,0,0,0,0,0,1,1,0,0
4533,0,0,0,0,0,0,0,0,0,1,0,0,0,0,1,0,0,1,0,0,0
28511,0,1,0,0,0,0,0,1,0,1,0,1,0,0,0,0,0,1,0,0,1
1238,1,0,0,0,0,0,0,0,1,1,0,0,0,0,0,1,0,1,0,1,0
2356,0,0,0,0,0,1,0,0,0,0,0,0,0,0,1,0,0,1,0,1,0
8247,1,0,0,0,0,1,0,1,0,1,0,0,0,0,0,0,0,1,0,0,1
12221,0,1,0,0,0,0,0,0,0,0,0,1,0,0,0,0,0,1,0,0,1
1833,0,0,0,0,0,0,0,1,1,0,0,0,0,0,0,0,0,1,0,0,0
2058,0,0,0,0,1,0,0,1,0,1,0,0,0,0,1,0,0,1,0,0,0
1363,1,0,0,0,0,0,0,0,1,1,0,0,0,0,0,0,0,1,0,1,0
460,1,0,0,0,0,0,0,1,1,1,0,0,0,0,0,0,0,1,0,1,0
7897,0,0,0,1,0,0,0,0,0,0,0,0,0,0,1,0,0,1,0,0,1
4246,0,0,0,0,1,0,0,0,1,0,0,0,1,0,0,0,0,1,0,0,0
2890,0,0,0,0,0,0,0,0,1,0,0,0,0,0,0,0,0,1,0,1,0
47,0,0,0,0,0,1,0,1,1,0,0,0,0,0,0,0,0,1,0,0,0
3072,0,0,0,0,0,0,0,1,1,0,1,0,0,0,0,0,0,1,0,0,0
1076,0,0,0,0,0,0,0,1,1,0,0,0,0,0,1,0,0,1,1,0,0
6670,0,0,0,0,0,0,0,0,0,0,0,0,0,0,0,0,0,1,0,0,0
24919,0,0,1,0,0,0,0,1,0,0,0,0,0,0,0,0,0,1,0,0,1
4756,0,0,1,0,0,0,0,0,0,0,1,0,0,0,1,0,0,1,1,0,0
977,0,0,0,0,1,0,0,1,0,0,0,0,0,0,1,0,0,1,1,0,0
14175,0,0,0,0,0,0,1,0,0,1,1,0,0,0,0,0,0,1,0,0,1
15335,1,0,0,0,0,0,0,1,0,1,0,0,0,0,0,0,0,1,0,0,1
11577,0,0,0,0,0,0,0,0,0,0,1,0,0,0,0,0,0,1,0,0,1
33204,0,0,0,0,1,0,0,0,1,0,0,0,0,0,0,0,0,1,0,0,1
6046,0,0,0,0,0,0,0,1,1,0,0,1,0,0,0,0,0,1,0,0,0
2056,1,0,0,0,0,1,0,1,0,0,0,0,0,0,1,0,0,1,0,0,0
2560,1,0,0,0,0,0,0,1,0,0,1,0,0,0,0,0,0,1,0,0,0
2584,0,0,0,0,1,0,0,1,0,0,1,0,0,0,1,0,0,1,0,0,0
3842,0,0,0,0,0,0,0,0,1,0,0,0,0,0,0,0,0,1,0,0,0
4856,1,0,0,0,0,0,0,1,0,0,0,0,0,0,1,0,0,1,1,0,0
496,1,0,0,0,0,0,0,0,1,0,1,0,0,0,0,0,0,1,0,0,0
30711,0,0,0,0,1,0,0,1,0,0,0,0,0,0,0,0,0,1,0,0,1
2450,0,0,1,0,0,0,0,0,0,1,0,0,0,0,0,0,0,1,0,1,0
8162,0,0,0,0,0,0,0,0,0,0,0,0,0,0,1,0,0,1,0,0,0
33036,0,0,0,0,0,0,0,0,0,1,1,0,1,0,0,0,0,1,0,0,1
87,0,0,0,0,1,0,0,0,0,0,1,0,0,0,0,0,0,1,0,0,0
21867,1,0,0,0,0,0,0,0,1,1,0,0,0,0,0,1,0,1,0,0,1
2013,1,0,0,0,0,0,0,1,0,1,1,0,0,0,0,0,0,1,1,0,0
34658,0,0,0,0,0,0,0,0,0,1,0,0,1,0,1,0,0,1,0,0,1
12857,1,0,0,0,1,0,0,1,0,0,0,0,1,0,0,0,0,1,0,0,1
35110,1,0,0,0,0,0,0,0,0,1,1,0,0,0,0,0,0,1,0,0,1
10408,0,1,0,0,0,1,0,0,0,0,1,0,1,0,0,0,0,1,0,0,1
528,0,0,0,0,0,0,0,1,1,1,1,0,0,0,0,0,0,1,1,0,0
31490,1,0,0,0,0,0,0,1,1,1,1,0,0,0,0,0,0,1,0,0,1
434,0,0,0,0,0,0,0,1,1,0,0,0,0,0,1,0,0,1,0,0,0
420,1,0,0,0,0,0,0,0,1,0,0,0,0,0,0,0,0,1,1,0,0
901,1,0,0,0,0,0,0,1,1,1,0,0,0,0,0,0,0,1,1,0,0
33674,0,0,0,1,0,1,0,0,0,1,0,0,0,0,0,0,0,1,0,0,1
14807,0,0,1,0,0,1,0,0,0,0,1,0,0,0,0,0,0,1,0,0,1
1140,0,0,0,0,0,0,0,0,1,0,1,0,1,0,0,0,0,1,0,1,0
2144,0,0,0,0,0,0,0,1,1,0,0,0,0,0,0,0,0,1,0,1,0
14669,0,0,0,0,0,1,0,0,0,0,1,0,1,0,0,0,0,1,0,0,1
4948,0,0,0,0,0,0,0,0,1,0,0,0,0,0,0,0,0,1,0,0,0
21653,0,0,0,1,1,0,0,1,0,1,0,0,0,0,1,0,0,1,0,0,1
