,score,scored_by,rank,popularity,members,favorites,duration_min,Shounen,Shoujo,Seinen,Ecchi,Mecha,Supernatural,SliceofLife,Action,Adventure,Comedy,Drama,Magic,Romance,type_ONA,type_OVA,type_special,pg13,pg17,90s,00s,10s
60,7.35,1050,2254.0,6165,2758,3,90.0,0,0,0,0,0,0,0,1,0,0,0,0,1,0,0,1,0,0,0,1,0
67,5.73,120,7936.0,9879,412,0,46.0,0,0,0,0,0,0,0,1,1,0,0,0,0,0,1,0,0,0,1,0,0
78,7.57,4073,1431.0,3511,11187,17,100.0,0,0,0,0,0,0,0,0,0,0,0,1,0,0,0,0,0,0,0,0,1
86,7.17,2361,2916.0,4822,5161,21,46.0,0,0,0,0,0,0,0,0,1,0,1,0,0,0,0,0,0,0,0,0,0
98,7.94,20831,634.0,1690,43396,230,89.0,0,0,1,0,0,0,1,0,0,1,0,0,0,0,0,0,0,0,0,0,1
100,5.97,318,7401.0,8226,1027,2,85.0,0,0,0,0,0,0,0,1,0,0,1,0,0,0,0,1,0,0,0,0,0
114,7.53,77292,1549.0,609,136486,732,100.0,0,0,0,0,0,1,0,1,0,0,0,1,0,0,0,0,0,0,0,0,1
158,7.89,3793,714.0,3781,9371,34,111.0,0,0,0,0,0,0,0,1,0,0,1,0,1,0,0,0,0,0,0,0,1
173,7.3,3174,2435.0,4302,6824,7,100.0,0,0,0,0,1,0,0,0,0,0,1,0,0,0,0,0,0,0,0,1,0
174,6.09,104,7103.0,9736,445,0,70.0,0,1,0,0,0,0,0,0,0,0,0,0,1,0,1,0,0,0,1,0,0
197,7.87,3574,769.0,4080,7811,116,95.0,0,0,0,0,0,0,0,1,1,1,1,0,1,0,0,0,0,0,0,0,0
200,7.87,1372,769.0,5058,4550,6,51.0,0,0,0,0,0,0,1,0,0,1,1,0,0,0,0,0,0,0,0,0,1
201,7.22,34768,2740.0,1392,57451,239,50.0,1,0,0,0,0,0,0,1,1,1,0,0,0,0,0,0,0,0,0,1,0
203,7.16,707,2983.0,6499,2371,4,70.0,0,0,0,0,0,0,0,0,0,1,0,0,0,0,0,0,0,0,0,0,1
208,7.88,70849,731.0,796,108779,495,76.0,0,0,1,0,0,1,0,1,1,0,0,0,0,0,0,0,0,0,0,0,1
209,7.57,66287,1423.0,903,95471,165,85.0,1,0,0,0,0,0,0,1,1,0,0,0,0,0,0,0,0,0,0,0,1
214,8.18,2481,332.0,2181,28352,87,135.0,0,0,0,0,1,0,0,1,0,0,0,0,0,0,0,0,0,0,0,0,1
220,6.81,273,4263.0,8170,1057,2,50.0,1,0,0,0,0,0,0,0,1,0,0,1,0,0,0,0,0,0,1,0,0
233,7.64,9307,1246.0,2806,18012,56,52.0,0,0,1,0,0,0,0,1,0,0,1,0,0,0,1,0,0,0,0,1,0
239,7.1,11216,3204.0,1850,37433,178,119.0,0,0,0,0,0,0,0,0,0,0,0,0,0,0,0,0,0,0,0,0,1
247,7.48,4299,1709.0,3556,10833,23,51.0,0,0,0,0,1,0,0,1,0,0,1,0,0,0,0,1,0,0,0,1,0
248,7.92,2995,664.0,4136,7566,23,60.0,0,0,1,0,0,0,0,0,0,0,0,0,0,0,0,0,0,0,0,0,1
250,7.61,14428,1319.0,2404,24237,11,105.0,1,0,0,0,0,0,0,0,1,1,0,0,0,0,0,0,0,0,0,1,0
252,6.69,8335,4832.0,1633,45376,180,90.0,0,0,0,0,0,0,0,0,0,0,1,0,0,0,0,0,0,0,0,0,1
255,6.91,1178,3873.0,6043,2899,4,51.0,0,1,0,0,0,0,0,0,0,0,0,1,0,0,0,0,0,0,0,1,0
272,7.18,1087,2892.0,6618,2242,12,94.0,0,0,0,0,0,0,0,0,1,0,0,0,0,0,0,0,0,0,1,0,0
274,6.99,1282,3620.0,5686,3398,1,77.0,0,0,0,0,0,0,0,1,1,1,1,0,1,0,0,0,0,0,1,0,0
289,7.68,9690,1154.0,2888,17035,102,99.0,0,0,0,0,0,0,0,0,0,0,0,0,0,0,0,0,0,0,0,0,0
298,7.08,36143,3279.0,1399,57247,66,98.0,0,0,0,0,0,0,0,1,1,1,0,0,0,0,0,0,0,0,0,1,0
303,7.38,440,2115.0,7635,1379,1,64.0,0,1,0,0,0,0,1,1,0,0,0,1,0,0,0,0,0,0,0,0,1
311,8.0,21248,551.0,1970,33950,46,99.0,1,0,0,0,0,0,0,0,1,1,0,0,0,0,0,0,0,0,1,0,0
316,6.5,148,5603.0,9044,660,0,50.0,0,0,0,0,0,0,1,0,0,1,0,0,0,0,0,1,0,0,0,0,0
321,7.55,116685,1485.0,455,176390,657,93.0,0,0,0,0,0,0,0,1,1,0,0,0,0,0,0,0,0,0,0,1,0
326,6.51,124,5561.0,8844,733,1,41.0,0,0,0,0,0,0,0,0,0,0,0,0,1,0,0,1,0,0,0,0,1
327,8.17,8547,346.0,2924,16650,36,90.0,0,0,0,0,0,0,0,1,0,0,1,0,0,0,0,0,0,0,1,0,0
330,4.4,1439,9377.0,5165,4342,0,60.0,0,0,0,0,0,0,0,0,0,0,0,0,0,0,0,0,0,0,0,0,1
338,7.96,16983,593.0,2192,28158,26,108.0,1,0,0,0,0,0,0,0,1,1,0,0,0,0,0,0,0,0,0,1,0
345,7.23,1327,2684.0,5727,3337,2,91.0,0,0,1,0,0,0,0,1,1,1,0,0,0,0,0,1,0,0,0,1,0
348,7.42,916,1907.0,6393,2491,2,120.0,0,0,0,0,0,0,0,1,0,0,0,0,1,0,0,1,0,0,0,1,0
350,6.1,2074,7083.0,5238,4164,12,45.0,0,0,0,1,0,0,0,0,0,1,0,0,1,0,1,0,0,0,0,0,0
355,6.93,1090,3805.0,5734,3336,5,131.0,0,0,0,0,0,0,0,1,1,0,0,0,0,0,0,0,0,0,0,0,0
357,7.49,550,1661.0,7814,1261,8,96.0,0,0,1,0,0,0,0,0,0,1,0,0,0,0,0,0,0,0,0,0,1
378,7.83,1507,834.0,4951,4790,4,52.0,0,0,0,0,0,0,1,0,0,1,1,0,0,0,0,0,0,0,0,0,1
393,6.86,6094,4070.0,3525,11094,29,79.0,1,0,0,0,1,0,0,1,0,1,1,0,0,0,0,0,0,0,1,0,0
399,6.67,638,4881.0,7183,1720,2,120.0,1,0,0,0,1,0,0,1,1,0,0,0,0,0,0,0,0,0,0,0,1
419,5.68,3059,8036.0,4464,6213,4,46.0,0,0,0,0,0,0,0,1,0,0,0,1,0,0,1,0,0,0,0,1,0
428,6.68,331,4830.0,8538,870,3,45.0,0,0,0,0,0,0,0,0,1,0,0,0,1,0,0,0,0,0,0,0,0
443,6.48,166,5669.0,9515,503,1,95.0,1,0,0,0,0,0,0,0,1,0,0,0,0,0,0,1,0,0,1,0,0
449,8.03,7175,514.0,2738,18925,100,105.0,0,0,1,0,0,0,0,1,0,0,0,0,0,0,0,0,0,0,0,0,1
458,7.28,2488,2495.0,4647,5650,2,97.0,0,0,1,0,0,0,0,1,1,1,0,0,0,0,0,0,0,0,1,0,0
462,8.45,262204,135.0,118,404788,4194,86.0,0,0,0,0,0,1,0,0,1,1,0,0,0,0,0,0,0,0,0,0,0
484,6.32,454,6309.0,6754,2099,4,46.0,0,0,0,0,0,0,0,0,0,0,0,0,0,0,1,0,0,0,0,1,0
497,7.03,2938,3444.0,4079,7804,34,105.0,0,0,0,0,0,0,0,0,0,0,0,1,0,0,0,0,0,0,0,1,0
498,7.22,3304,2738.0,3758,9510,12,93.0,0,0,0,0,0,0,0,0,0,0,0,0,0,0,0,0,0,0,0,0,1
499,8.43,81479,150.0,392,192398,1025,64.0,0,0,0,0,0,1,0,0,0,0,0,0,0,0,0,0,0,0,0,0,1
510,7.81,20365,862.0,1746,41212,128,98.0,0,0,0,0,0,1,0,1,0,0,0,0,0,0,0,0,0,0,0,0,1
516,7.62,39122,1289.0,1085,76441,298,89.0,0,0,0,0,0,0,0,1,1,1,1,0,0,0,0,0,0,0,0,0,1
519,8.23,97351,285.0,526,152748,270,51.0,0,0,0,0,0,1,0,1,0,0,0,1,0,0,0,1,0,0,0,0,1
527,6.98,73978,3650.0,714,120119,153,97.0,1,0,0,0,0,1,0,0,1,1,1,0,0,0,0,0,0,0,0,1,0
529,9.19,471398,2.0,33,730076,34912,106.0,0,0,0,0,0,1,0,0,0,0,1,0,1,0,0,0,0,0,0,0,1
542,7.5,70425,1639.0,699,121923,384,101.0,0,0,0,0,1,0,0,0,0,0,1,0,0,0,0,0,0,0,1,0,0
543,8.24,20250,274.0,1991,33141,34,100.0,1,0,0,0,0,0,0,0,1,1,0,0,0,0,0,0,0,0,0,1,0
565,6.81,1631,4273.0,5240,4145,0,97.0,0,0,0,0,0,0,0,0,1,0,1,0,0,0,0,0,0,0,0,1,0
566,8.73,179475,45.0,181,323704,8525,162.0,0,0,0,0,0,1,0,0,0,1,0,0,1,0,0,0,0,0,0,0,1
569,7.54,14335,1515.0,2116,29770,121,112.0,0,0,0,0,0,1,0,1,1,0,0,1,0,0,0,0,0,0,0,1,0
570,7.06,601,3351.0,6704,2151,1,85.0,0,0,0,0,0,1,0,0,0,0,1,0,0,0,0,0,0,0,0,0,1
572,7.25,5751,2626.0,3144,14417,31,90.0,0,0,1,0,0,1,0,0,0,0,1,0,0,0,0,0,0,0,0,0,1
576,7.41,75524,1984.0,667,125270,189,92.0,1,0,0,0,0,1,0,1,0,0,0,0,0,0,0,0,0,0,0,1,0
577,8.29,139857,250.0,340,215744,2020,105.0,0,0,0,0,0,0,0,0,1,1,1,1,1,0,0,0,0,0,0,0,0
608,8.32,38301,226.0,1041,79777,1251,87.0,0,0,0,0,0,0,0,1,1,0,1,0,1,0,0,0,0,0,0,1,0
622,7.63,20935,1280.0,1856,37309,93,91.0,1,0,0,0,0,0,0,0,0,0,1,0,0,0,0,0,0,0,1,0,0
634,7.85,7560,794.0,2998,15755,253,108.0,0,0,0,0,1,0,0,0,0,0,1,0,0,0,0,0,0,0,1,0,0
640,7.44,915,1860.0,6689,2168,2,71.0,0,1,0,0,0,0,0,0,0,0,0,1,0,0,0,0,0,0,0,0,1
643,7.65,9767,1229.0,2399,24266,203,121.0,0,0,0,0,0,0,0,1,0,0,1,0,0,0,0,0,0,0,0,0,0
644,6.93,884,3800.0,6267,2631,2,121.0,0,0,0,0,0,0,0,0,1,0,1,0,0,0,0,0,0,0,0,0,0
649,7.18,3470,2881.0,3641,10273,13,89.0,1,0,0,0,0,0,0,1,1,0,0,1,0,0,0,0,0,0,0,0,1
664,7.62,19914,1292.0,1888,36430,130,96.0,0,0,1,1,0,1,0,1,0,0,1,0,0,0,0,0,0,0,0,0,1
667,8.03,61993,518.0,877,99338,730,93.0,0,0,0,0,0,0,0,1,1,1,1,0,1,0,0,0,0,0,1,0,0
671,6.45,2759,5811.0,4428,6372,14,44.0,0,0,0,0,1,0,0,0,0,0,0,0,0,0,1,0,0,0,0,1,0
673,6.68,25451,4838.0,1743,41261,56,44.0,1,0,0,0,0,0,0,1,1,1,0,0,0,0,0,1,0,0,1,0,0
677,7.22,29500,2750.0,1536,49885,287,80.0,0,0,0,0,0,1,0,1,0,0,0,0,0,0,0,0,0,0,0,0,0
680,7.76,19329,959.0,1959,34220,101,61.0,0,1,0,0,0,0,0,0,1,1,1,1,1,0,0,0,0,0,1,0,0
682,6.28,1069,6478.0,5961,2989,7,59.0,0,1,0,0,0,0,0,0,0,0,1,0,1,0,0,0,0,0,0,0,0
702,7.96,23904,592.0,1852,37368,45,94.0,1,0,0,0,0,0,0,0,1,1,0,0,0,0,0,0,0,0,1,0,0
711,8.44,141762,138.0,295,235868,2176,112.0,0,0,0,0,1,0,0,1,0,0,0,0,0,0,0,0,0,0,0,0,0
726,7.14,8369,3059.0,2852,17457,20,92.0,1,0,0,0,0,1,0,0,1,0,1,0,1,0,0,0,0,0,0,1,0
727,7.02,16015,3511.0,1587,47342,161,120.0,0,0,0,0,0,0,0,0,0,0,0,0,0,0,0,0,0,0,0,0,1
728,7.88,112969,733.0,500,160610,1108,101.0,0,0,0,0,0,0,0,1,0,0,0,0,0,0,0,0,0,0,0,1,0
742,8.34,7633,206.0,2300,26034,320,93.0,0,0,0,0,0,0,0,0,0,1,0,0,1,0,0,0,0,0,0,0,1
757,6.89,923,3974.0,6534,2329,1,44.0,0,0,0,0,0,0,0,1,1,1,1,0,1,0,0,1,0,0,0,0,0
758,7.69,18325,1139.0,1580,47835,93,118.0,1,0,0,0,0,0,0,1,0,0,1,0,0,0,0,0,0,0,0,0,1
777,6.32,3201,6325.0,4594,5806,7,65.0,1,0,0,0,0,0,0,1,1,0,0,0,0,0,1,0,0,0,0,0,0
785,6.3,1439,6395.0,5863,3112,6,55.0,0,0,0,0,0,1,0,1,1,0,0,0,0,0,0,0,0,0,1,0,0
790,7.45,3138,1802.0,3610,10431,10,58.0,0,0,0,0,0,0,0,0,0,0,1,0,1,0,0,1,0,0,0,1,0
794,7.84,6751,809.0,3191,14013,155,107.0,0,0,0,0,0,0,0,0,1,1,1,0,0,0,0,0,0,0,0,1,0
799,6.77,227,4453.0,8030,1139,2,70.0,0,0,0,0,0,0,1,0,0,0,0,1,0,0,0,0,0,0,0,0,1
820,8.32,34776,220.0,1106,74970,779,137.0,0,0,0,0,0,0,0,0,0,0,0,0,0,0,0,0,0,0,0,0,1
828,6.11,174,7071.0,9505,508,1,59.0,0,0,0,0,0,0,0,1,0,0,0,0,0,0,1,0,0,0,0,0,0
829,7.78,23271,916.0,1783,39752,191,61.0,0,1,0,0,0,0,0,0,0,0,1,1,1,0,0,0,0,0,1,0,0
838,7.6,14886,1362.0,2224,27637,303,90.0,0,1,0,0,0,0,0,0,0,0,1,0,1,0,0,0,0,0,1,0,0
840,6.32,3782,6307.0,3934,8475,8,59.0,1,0,0,0,0,0,0,1,0,0,1,0,0,0,0,0,0,0,1,0,0
851,5.86,252,7661.0,9217,596,1,48.0,0,0,0,0,0,0,0,1,0,0,0,0,0,0,1,0,0,0,1,0,0
859,8.03,10134,519.0,2663,20162,92,114.0,0,0,0,0,1,0,0,1,0,0,0,0,1,0,0,0,0,0,0,0,1
860,7.16,4049,2971.0,3851,8984,8,60.0,0,0,0,0,0,0,0,1,0,0,0,1,0,0,1,0,0,0,0,1,0
865,6.78,12809,4380.0,1818,38628,74,82.0,0,0,0,0,0,0,0,1,0,0,0,0,1,0,0,0,0,0,0,0,1
872,6.81,643,4258.0,7264,1650,5,60.0,0,0,0,0,1,0,0,0,1,1,0,0,0,0,0,0,0,0,1,0,0
880,6.95,536,3736.0,7664,1351,2,48.0,0,0,0,0,0,0,0,0,0,0,1,0,0,0,1,0,0,0,0,0,0
883,7.12,1601,3113.0,6052,2886,4,87.0,0,0,1,0,0,0,0,1,1,1,0,0,0,0,0,0,0,0,1,0,0
929,7.42,21816,1945.0,1832,38202,30,90.0,1,0,0,0,0,0,0,1,1,0,0,0,0,0,0,0,0,0,0,1,0
940,7.32,64200,2328.0,749,115332,407,93.0,0,0,0,0,0,0,0,0,0,0,1,0,1,0,0,0,0,0,0,1,0
954,7.04,424,3403.0,8149,1070,0,96.0,0,0,1,0,0,0,0,0,1,1,0,0,0,0,0,0,0,0,0,0,1
958,7.48,15430,1713.0,2082,30890,58,44.0,0,0,0,0,0,0,0,0,0,0,0,0,0,0,0,1,0,0,0,0,1
967,6.4,767,6007.0,6712,2147,6,67.0,0,0,1,0,0,0,0,1,0,0,1,0,0,0,1,0,0,0,1,0,0
971,6.57,279,5322.0,8618,832,0,90.0,1,0,0,0,0,0,0,0,0,1,0,0,0,0,0,0,0,0,0,0,0
981,7.37,38086,2150.0,1283,63657,119,97.0,1,0,0,0,0,0,0,1,1,0,0,0,0,0,0,0,0,0,0,0,1
984,7.44,3689,1871.0,3693,9894,39,90.0,0,0,0,0,1,0,0,1,0,0,1,0,0,0,0,0,0,0,0,0,1
989,8.21,10575,302.0,2751,18780,26,110.0,1,0,0,0,0,0,0,1,0,0,0,0,0,0,0,0,0,0,0,0,1
998,7.19,33840,2835.0,1425,55723,153,105.0,1,0,0,0,1,0,0,1,0,0,1,0,0,0,0,0,0,0,0,1,0
1011,6.32,128,6323.0,8805,757,0,114.0,0,0,0,0,0,0,0,0,1,0,0,0,0,0,0,0,0,0,0,0,1
1013,8.8,333730,29.0,79,507499,10689,130.0,0,0,0,0,0,0,0,1,1,0,0,0,0,0,0,0,0,0,1,0,0
1018,7.18,743,2882.0,7288,1630,2,97.0,0,0,1,0,0,0,0,1,1,1,0,0,0,0,0,0,0,0,0,1,0
1023,7.52,29307,1588.0,1297,62554,223,103.0,0,0,0,0,1,0,0,1,0,0,0,0,0,0,0,0,0,0,0,0,1
1034,6.34,145,6238.0,8427,928,0,50.0,0,0,0,0,0,0,0,0,1,0,0,0,0,0,0,0,0,0,0,0,1
1036,8.02,5047,536.0,2665,20135,95,117.0,0,0,0,0,0,0,0,0,0,0,1,0,0,0,0,0,0,0,0,0,1
1039,7.45,65895,1819.0,885,98219,147,80.0,0,0,0,0,0,0,0,0,1,1,1,0,0,0,0,0,0,0,1,0,0
1040,7.04,44413,3405.0,1171,70267,30,50.0,1,0,0,0,0,0,0,1,1,1,0,0,0,0,0,0,0,0,1,0,0
1045,7.16,4686,2976.0,3768,9464,34,46.0,0,0,1,0,0,0,0,1,0,0,0,0,0,0,1,0,0,0,0,0,0
1072,8.3,73023,239.0,648,129945,1619,111.0,0,1,0,0,0,0,1,0,0,0,1,0,1,0,0,0,0,0,1,0,0
1080,7.73,31045,1049.0,1287,63096,377,98.0,0,0,0,0,0,1,0,1,0,0,0,0,0,0,0,0,0,0,0,0,1
1082,7.4,7592,2047.0,3130,14466,14,60.0,1,0,0,0,0,0,0,0,1,1,0,1,0,0,0,0,0,0,1,0,0
1092,6.33,1242,6258.0,5536,3635,6,106.0,0,0,0,0,0,0,1,0,0,0,1,0,0,0,0,0,0,0,0,0,1
1095,7.25,1176,2601.0,6624,2233,3,88.0,0,0,1,0,0,0,0,1,1,1,0,0,0,0,0,0,0,0,0,1,0
1102,7.22,1645,2729.0,5246,4132,3,91.0,0,0,1,0,0,0,0,1,1,1,0,0,0,0,0,1,0,0,0,1,0
1118,8.73,334114,43.0,89,481313,9753,117.0,0,0,0,0,0,0,0,0,1,0,1,0,1,0,0,0,0,0,0,1,0
1132,7.3,1021,,5855,3134,5,98.0,0,0,0,0,0,0,0,1,0,0,1,0,0,0,1,0,0,0,0,1,0
1137,6.06,1354,7203.0,5991,2961,7,67.0,0,0,0,0,0,0,0,0,0,0,0,0,0,0,0,0,0,0,0,0,0
1142,6.99,1848,3608.0,5068,4525,6,45.0,0,0,0,0,0,0,0,0,0,0,1,0,0,0,1,0,0,0,1,0,0
1175,8.41,23635,158.0,1833,38184,107,107.0,1,0,0,0,0,0,0,0,1,0,0,0,0,0,0,0,0,0,0,1,0
1178,6.27,601,6504.0,7184,1715,1,65.0,1,0,0,0,0,0,0,1,1,0,1,0,0,0,0,0,0,0,0,0,0
1184,7.82,32079,839.0,1528,50309,23,51.0,1,0,0,0,1,0,0,1,0,0,0,0,0,0,0,0,0,0,0,0,1
1185,7.73,58908,1038.0,847,102588,107,92.0,0,0,0,0,0,0,0,1,0,1,1,0,1,0,0,0,0,0,0,0,1
1186,7.14,29716,3050.0,1579,47850,28,75.0,0,0,0,0,0,0,0,1,1,1,1,0,0,0,0,1,0,0,0,1,0
1188,7.65,67857,1222.0,746,115444,138,59.0,0,0,0,0,0,1,0,1,0,0,0,1,1,0,0,0,0,0,0,1,0
1198,6.71,2984,4700.0,4253,7054,23,65.0,0,0,0,0,1,0,0,1,0,0,1,0,0,0,0,0,0,0,0,0,0
1211,7.6,16494,1343.0,2106,30121,62,116.0,0,0,0,0,0,0,0,1,1,0,0,0,0,0,0,0,0,0,0,1,0
1212,6.17,463,6850.0,7531,1445,1,48.0,0,0,0,0,0,0,0,1,1,0,1,0,0,0,1,0,0,0,1,0,0
1220,7.21,47992,2775.0,1099,75162,38,48.0,1,0,0,0,0,0,0,1,1,1,0,0,0,0,0,0,0,0,1,0,0
1225,8.17,11299,344.0,2207,27922,48,160.0,0,0,1,0,1,0,0,1,0,0,0,0,0,0,0,1,0,0,0,1,0
1226,7.43,22813,1884.0,1410,56371,57,59.0,0,0,0,0,1,0,0,1,0,0,0,0,0,0,0,0,0,0,0,0,1
1248,7.39,9908,2076.0,2862,17370,20,140.0,0,0,0,0,1,0,0,1,1,0,1,0,0,0,0,0,1,0,0,0,0
1249,7.79,5338,903.0,3673,10052,50,115.0,0,0,0,0,1,0,0,1,1,0,0,0,1,0,0,0,1,0,1,0,0
1250,6.94,1623,3771.0,5435,3782,8,70.0,0,1,0,0,0,0,0,0,0,1,0,1,0,0,0,0,1,0,0,1,0
1254,7.28,567,2469.0,7031,1850,3,79.0,0,0,0,0,0,0,0,0,0,0,1,0,0,0,0,0,1,0,1,0,0
1259,5.86,557,7683.0,7381,1549,8,50.0,0,0,0,0,0,1,0,0,0,0,0,0,0,0,1,0,1,0,0,0,0
1262,7.38,26878,2116.0,1706,42832,198,120.0,0,0,0,0,1,0,0,1,0,0,0,0,0,0,0,0,1,0,0,0,1
1269,6.92,169,3832.0,3860,8947,33,120.0,0,1,0,0,0,1,0,0,0,0,0,0,1,0,0,0,1,0,0,0,1
1271,6.61,10817,5169.0,2735,18992,7,71.0,0,0,0,0,0,0,0,1,1,1,1,0,0,0,0,0,1,0,0,0,1
1273,7.71,2124,1078.0,5269,4093,11,73.0,0,1,0,0,0,0,0,0,0,0,0,1,0,0,0,0,1,0,0,0,1
1282,7.64,7500,1261.0,2996,15772,47,121.0,0,0,0,0,0,0,0,0,0,1,1,0,0,0,0,0,1,0,0,0,1
1285,8.16,16491,363.0,1999,32900,152,50.0,0,0,0,0,0,0,0,0,0,1,1,0,1,0,0,0,1,0,0,0,1
1301,8.05,26965,494.0,1711,42708,96,107.0,1,0,0,0,0,0,0,0,1,1,0,0,0,0,0,1,1,0,0,0,1
1307,6.44,3372,5845.0,4446,6291,14,94.0,0,0,0,0,0,0,0,1,1,0,0,0,0,0,0,0,1,0,0,0,1
1309,7.4,25875,2020.0,1658,44509,132,111.0,0,0,0,0,0,0,0,0,0,0,0,0,0,0,0,0,1,0,1,0,0
1317,8.0,11800,555.0,2447,23462,186,130.0,0,0,0,0,0,0,0,1,0,1,1,1,0,0,0,0,1,0,0,0,1
1319,6.45,41747,5792.0,1365,58946,55,100.0,0,0,0,0,0,0,0,0,0,0,0,0,0,0,0,0,1,0,0,1,0
1331,7.92,26283,663.0,1744,41234,178,94.0,0,0,0,0,1,0,0,1,0,0,1,0,0,0,0,0,1,0,1,0,0
1350,6.83,41213,4181.0,1233,65967,30,60.0,1,0,0,0,0,0,0,1,1,1,0,0,0,0,0,0,1,0,1,0,0
1361,7.94,75080,632.0,719,119491,640,75.0,0,0,0,0,0,0,0,0,1,0,1,0,0,0,0,0,1,0,0,1,0
1372,8.29,32129,253.0,1483,52617,136,49.0,0,0,0,0,0,0,1,0,0,1,0,0,1,0,0,1,1,0,0,0,1
1373,7.41,22618,1985.0,1781,39925,16,94.0,1,0,0,0,0,0,0,0,1,1,0,0,0,0,0,0,1,0,0,1,0
1401,7.64,7460,1249.0,2541,21888,143,93.0,0,0,0,0,0,0,0,1,0,0,1,0,0,0,0,0,1,0,0,0,1
1408,7.54,1987,1518.0,5235,4172,5,87.0,1,0,0,0,0,0,0,1,0,1,0,0,0,0,0,0,1,0,0,0,0
1412,7.26,1495,2563.0,5584,3546,6,71.0,0,1,0,0,0,0,0,0,0,1,0,1,0,0,0,0,1,0,0,1,0
1417,7.7,29009,1118.0,1535,49941,39,95.0,1,0,0,0,0,0,0,1,1,1,0,0,0,0,0,0,1,0,0,1,0
1419,7.38,37894,2128.0,1363,59136,105,100.0,0,0,0,0,0,0,0,1,1,0,1,0,0,0,0,0,1,0,0,1,0
1437,8.77,204744,34.0,148,357883,7087,117.0,0,0,0,0,0,0,1,0,0,0,0,0,0,0,0,0,1,0,0,0,1
1454,6.99,4714,3613.0,3654,10200,83,84.0,0,0,0,0,1,0,0,1,1,1,0,0,0,0,0,0,1,0,0,0,0
1456,6.48,8271,5709.0,2769,18407,72,82.0,0,0,0,0,0,0,0,1,1,0,1,0,0,0,0,0,1,0,0,0,0
1474,7.54,21077,1514.0,1556,48638,204,100.0,0,0,0,0,0,0,0,0,0,0,1,0,1,0,0,0,1,0,0,0,1
1478,5.11,420,8937.0,7205,1701,2,125.0,0,0,0,0,0,0,0,0,0,0,0,0,0,0,0,0,1,0,0,0,1
1479,7.71,4793,1081.0,3200,13919,26,87.0,1,0,0,0,0,0,0,0,0,0,0,0,0,0,0,0,1,0,0,0,1
1491,7.82,3288,844.0,3408,11994,22,88.0,1,0,0,0,0,0,0,0,0,1,0,0,0,0,0,0,1,0,0,0,1
1500,8.31,64313,233.0,679,124236,993,92.0,0,0,0,0,0,0,0,0,0,1,1,0,0,0,0,0,1,0,0,1,0
1501,8.29,46158,244.0,1091,75722,1195,82.0,0,1,0,0,0,0,0,0,0,1,1,1,1,0,0,0,1,0,0,1,0
1516,7.39,7399,2089.0,3159,14255,8,59.0,1,0,0,0,0,0,0,0,1,1,0,1,0,0,0,0,1,0,1,0,0
1519,7.52,10198,1583.0,2822,17789,52,47.0,0,0,0,0,1,0,0,0,0,0,1,0,0,0,1,0,1,0,0,1,0
1528,5.68,116,8010.0,9703,448,0,70.0,0,0,1,0,0,0,0,0,0,0,0,0,0,0,1,0,1,0,1,0,0
1533,6.92,4804,3852.0,3782,9360,3,52.0,0,0,0,0,1,0,0,0,0,0,1,0,1,0,0,0,1,0,1,0,0
1538,6.19,1343,6799.0,5775,3267,2,50.0,0,0,1,0,0,0,0,1,1,1,0,0,0,0,1,0,1,0,0,1,0
1549,6.22,114,6692.0,10018,379,0,85.0,0,0,0,0,0,0,0,0,1,0,1,0,0,0,0,1,1,0,0,0,0
1562,7.56,100456,1454.0,512,156954,589,92.0,1,0,0,0,0,1,0,1,1,0,0,0,0,0,0,0,1,0,0,1,0
1581,7.88,34374,738.0,1352,60019,175,98.0,1,0,0,0,0,1,0,0,1,1,1,0,1,0,0,0,1,0,0,1,0
1583,8.42,22674,155.0,1626,45725,763,120.0,0,0,0,0,0,0,0,0,0,0,0,0,0,0,0,0,1,0,0,0,1
1584,6.81,262,4259.0,8661,814,2,66.0,0,0,0,0,0,0,0,0,1,0,1,0,0,0,0,1,1,0,0,0,0
1595,7.08,814,3284.0,6984,1894,0,49.0,0,0,0,0,1,0,0,1,0,0,1,0,0,0,1,0,1,0,0,0,1
1596,7.87,67037,758.0,600,138438,508,73.0,0,0,0,0,0,1,0,1,0,0,0,0,0,0,0,0,1,0,0,0,1
1598,7.6,2711,1365.0,4017,8057,13,48.0,0,0,0,0,0,0,1,0,0,0,1,1,0,0,0,0,1,0,0,0,1
1613,7.79,10381,909.0,2795,18191,14,106.0,1,0,0,0,0,0,0,1,1,1,1,0,0,0,0,1,1,0,0,0,1
1623,7.4,5130,2017.0,2938,16512,92,98.0,0,0,0,0,0,0,1,0,0,0,1,0,0,0,0,0,1,0,0,0,1
1633,6.06,342,7166.0,8065,1115,2,90.0,0,0,0,0,0,0,0,0,1,0,1,0,0,0,0,0,1,0,1,0,0
1639,7.44,9285,1875.0,2989,15844,43,65.0,1,0,0,0,0,0,0,1,0,0,0,0,0,0,0,0,1,0,0,1,0
1653,7.91,10813,673.0,2139,29458,101,116.0,0,0,0,0,1,0,0,1,0,0,0,0,0,0,1,0,1,0,0,0,0
1654,8.35,182809,192.0,174,329663,7755,82.0,0,0,1,0,1,0,0,1,0,0,0,0,0,0,0,0,1,0,1,0,0
1664,8.47,119092,120.0,407,188165,2525,117.0,0,0,0,0,0,0,0,0,1,0,0,0,0,0,0,0,1,0,0,0,0
1669,6.49,18654,5633.0,2053,31480,106,49.0,0,1,0,0,0,0,0,0,0,0,0,0,1,0,1,0,1,0,0,1,0
1684,7.24,13389,2644.0,2273,26562,44,69.0,1,0,0,0,0,0,0,0,0,1,0,0,0,0,0,0,1,0,0,0,1
1687,6.46,779,5750.0,6398,2487,1,120.0,1,0,0,0,1,0,0,1,1,0,0,0,0,0,0,0,1,0,0,0,1
1688,7.85,3343,796.0,3453,11664,27,53.0,0,0,1,0,0,0,0,1,1,1,1,0,0,0,0,0,1,0,0,0,1
1690,7.42,28053,1951.0,1526,50418,121,126.0,0,0,0,0,0,0,0,1,1,0,1,0,0,0,0,0,1,0,0,1,0
1698,7.4,24347,2021.0,1696,43232,305,80.0,0,0,0,0,0,0,0,0,0,1,0,0,0,0,0,0,1,0,0,0,1
1702,6.73,13758,4613.0,2192,28143,52,89.0,0,0,0,0,0,0,0,1,0,0,0,0,0,0,0,0,1,0,0,0,1
1704,6.86,5055,4075.0,3271,13287,10,58.0,1,0,0,0,0,0,0,1,1,0,0,1,0,0,0,1,1,0,0,0,1
1706,6.9,2497,3907.0,4409,6411,3,43.0,1,0,0,0,0,0,0,1,1,1,0,0,0,0,0,1,1,0,1,0,0
1710,7.01,21397,3527.0,1848,37474,29,50.0,1,0,0,0,0,0,0,1,1,1,0,0,0,0,0,0,1,0,0,0,0
1737,6.89,7374,3938.0,2809,17974,32,42.0,0,0,0,0,0,0,0,1,1,0,0,0,0,0,0,1,1,0,0,0,1
1739,5.82,1012,7745.0,5945,3010,8,88.0,0,0,0,0,0,0,0,1,0,0,0,0,0,0,0,0,1,0,0,0,0
1747,7.45,3368,1807.0,3349,12580,12,103.0,0,0,0,0,0,0,0,0,0,0,0,0,0,0,0,0,1,0,0,0,1
1753,7.13,1093,3078.0,5407,3828,5,84.0,0,0,0,0,1,0,0,1,0,0,0,0,0,0,0,0,1,0,0,1,0
1760,7.46,293,1766.0,8673,809,3,101.0,1,0,0,0,0,0,0,0,1,1,0,0,0,0,0,0,1,0,0,0,1
1762,7.6,13832,1365.0,2413,24007,16,48.0,0,0,0,0,0,1,0,1,0,0,0,0,0,0,0,0,1,0,0,0,1
1764,6.85,1168,4098.0,5269,4092,11,56.0,0,0,0,0,0,0,1,0,0,1,0,1,0,0,1,0,1,0,0,0,1
1766,7.95,22331,624.0,1751,40832,113,63.0,0,0,0,0,0,0,1,0,0,1,0,0,0,0,1,0,1,0,0,0,1
1767,5.22,1993,8801.0,5556,3594,1,55.0,0,0,0,0,0,1,0,1,0,0,0,0,0,0,1,0,1,0,0,1,0
1775,6.99,1365,3605.0,5736,3329,0,92.0,0,0,1,0,0,0,0,1,1,1,0,0,0,0,0,1,1,0,0,1,0
1782,6.36,711,6168.0,6880,1980,1,59.0,0,0,1,0,0,0,0,0,1,0,0,0,0,0,0,0,1,0,1,0,0
1789,7.29,35576,2473.0,1427,55636,76,74.0,0,0,0,0,0,0,0,0,1,1,1,0,0,0,0,0,1,0,0,1,0
1826,7.18,2116,2907.0,4951,4801,26,99.0,0,0,0,0,0,0,0,1,1,0,0,0,0,0,0,0,1,0,0,0,0
1837,6.23,1011,6646.0,6348,2550,4,78.0,0,0,0,0,0,0,0,0,1,0,0,0,1,0,0,0,1,0,0,0,0
1840,7.26,1165,2588.0,6526,2334,2,54.0,0,0,0,0,1,0,0,1,0,0,1,0,0,0,1,0,1,0,0,0,0
1845,7.25,948,2616.0,5599,3529,4,90.0,0,0,0,0,1,0,0,1,0,0,0,0,0,0,0,0,1,0,0,1,0
1856,6.78,7415,4418.0,3242,13503,33,78.0,0,0,0,0,0,0,0,0,1,0,0,0,0,0,0,0,1,0,0,0,1
1860,7.69,12422,1131.0,2133,29526,55,61.0,0,0,0,0,0,0,0,1,0,0,0,0,1,0,0,0,1,0,0,0,0
1874,5.7,1645,7988.0,5293,4046,14,59.0,0,0,0,0,0,1,0,1,0,0,0,0,0,0,1,0,1,0,0,0,0
1891,6.44,666,5823.0,7211,1700,1,57.0,0,0,1,0,0,0,0,0,0,0,1,0,0,0,1,0,1,0,0,0,0
1894,7.72,40964,1056.0,1205,67425,948,81.0,0,1,0,0,0,0,0,0,0,1,1,1,0,0,0,0,1,0,1,0,0
1895,6.91,3083,3867.0,3735,9630,8,48.0,0,0,0,0,1,0,0,1,0,0,0,0,0,0,0,1,1,0,0,0,1
1896,7.7,14566,1121.0,2229,27577,28,48.0,0,0,0,0,0,1,0,0,0,0,0,0,0,0,0,0,1,0,0,0,1
1898,7.46,5584,1789.0,3064,15032,35,136.0,0,0,0,0,0,0,0,0,1,0,0,0,0,0,0,0,1,0,0,0,1
1903,6.13,897,7008.0,6917,1948,3,48.0,0,0,0,0,0,0,0,0,0,1,0,0,0,0,1,0,1,0,0,0,0
1910,7.22,9870,2752.0,2846,17530,15,52.0,0,0,0,0,0,0,0,0,0,0,1,0,0,0,0,0,1,0,0,0,1
1919,7.57,9650,1429.0,2690,19749,100,99.0,0,0,0,0,1,0,0,0,0,0,1,0,0,0,0,0,1,0,0,0,0
1921,7.37,4695,2142.0,3615,10407,36,85.0,0,0,0,0,0,0,0,0,0,0,1,0,0,0,0,0,1,0,0,1,0
1925,6.54,144,5455.0,9425,526,0,72.0,1,0,0,0,0,0,0,1,0,1,0,0,0,0,0,1,1,0,0,0,0
1933,6.88,2306,4016.0,4600,5781,3,78.0,0,0,0,1,1,0,0,1,1,1,0,0,0,0,1,0,1,0,0,1,0
1935,7.87,65321,766.0,614,135932,397,113.0,0,0,0,0,0,0,0,1,0,0,0,0,0,0,0,0,1,0,0,0,1
1939,6.68,338,4856.0,7926,1199,3,90.0,0,1,0,0,0,0,0,0,0,0,0,0,0,0,0,0,1,0,0,0,1
1964,7.31,8505,2412.0,2948,16382,25,94.0,0,0,0,0,0,0,0,1,0,1,0,0,0,0,0,0,1,0,1,0,0
1970,7.32,25751,2326.0,1527,50375,112,110.0,0,0,0,0,0,1,0,1,0,0,0,0,0,0,0,0,1,0,0,0,1
1972,7.46,2840,1772.0,4448,6286,5,86.0,1,0,0,0,0,0,0,0,0,0,1,0,0,0,0,0,1,0,0,0,0
1980,7.41,28027,2000.0,1273,64088,174,55.0,1,0,0,1,0,0,0,1,0,1,0,1,1,0,0,0,1,0,0,0,1
1981,8.54,18459,89.0,1327,61295,564,100.0,0,0,0,0,0,1,0,1,0,1,0,0,0,0,0,0,1,0,0,0,1
1994,6.87,25815,4053.0,1318,61479,251,49.0,1,0,0,1,0,1,0,0,0,1,0,0,0,0,0,0,1,0,0,0,1
2004,7.63,20757,1282.0,1478,52892,1058,71.0,0,0,0,0,0,0,0,0,0,0,1,0,0,0,1,0,1,0,0,0,0
2005,7.35,9074,2221.0,3102,14732,32,97.0,0,0,0,0,0,0,0,1,0,0,0,0,0,0,0,0,1,0,0,0,1
2007,6.8,1118,4312.0,6282,2614,1,70.0,0,1,0,0,0,0,0,1,0,1,0,1,0,0,0,0,1,0,0,0,0
2010,8.32,71496,224.0,784,110091,401,107.0,1,0,0,0,0,0,0,1,1,1,1,0,0,0,0,0,1,0,0,0,1
2017,8.21,17162,301.0,2161,28891,25,111.0,1,0,0,0,0,0,0,0,1,1,0,0,0,0,0,0,1,0,0,1,0
2036,6.7,542,4764.0,4986,4735,3,47.0,0,0,0,1,0,0,0,1,0,1,0,0,0,0,0,0,1,0,0,0,1
2047,6.02,128,7308.0,9716,447,1,60.0,0,1,0,0,0,0,0,0,0,1,0,1,0,0,1,0,1,0,0,0,0
2052,7.39,25225,2078.0,1697,43143,22,95.0,1,0,0,0,0,0,0,1,1,1,0,0,0,0,0,0,1,0,0,1,0
2056,7.12,5742,3139.0,3455,11623,17,116.0,0,0,0,0,1,0,0,1,0,0,1,0,1,0,0,0,1,0,0,1,0
2057,6.29,334,6446.0,8576,856,2,44.0,0,0,0,0,0,0,0,1,0,0,0,0,0,0,1,0,1,0,1,0,0
2059,8.0,78750,553.0,657,128075,221,46.0,0,0,0,0,0,1,0,1,0,0,0,0,0,0,0,0,1,0,0,1,0
2060,7.91,2940,691.0,4105,7700,5,111.0,0,0,0,0,0,0,0,1,0,0,1,0,0,0,0,0,1,0,0,0,1
2068,4.97,367,,8212,1033,3,42.0,0,0,0,0,0,1,0,1,0,1,0,0,1,0,1,0,1,0,1,0,0
2082,7.49,27869,1659.0,1288,63103,79,59.0,0,0,0,0,1,0,0,1,0,0,0,0,0,0,0,0,1,0,0,0,1
2110,6.98,2229,3659.0,4602,5775,0,86.0,0,0,0,1,1,0,0,1,1,1,0,0,0,0,1,0,1,0,0,1,0
2122,7.06,221,3355.0,8458,912,3,94.0,0,0,0,0,0,1,0,0,0,1,0,0,0,0,0,0,1,0,0,0,1
2133,7.32,11587,2350.0,2175,28591,111,93.0,0,0,0,0,1,0,0,1,0,0,0,0,0,0,0,1,1,0,0,0,1
2137,7.96,19995,594.0,1787,39643,127,105.0,0,0,0,0,0,0,0,1,1,1,1,0,0,0,0,0,1,0,0,0,1
2158,7.07,19490,3314.0,2009,32642,27,96.0,0,0,0,0,0,0,0,1,1,0,0,0,0,0,0,0,1,0,0,0,1
2160,7.05,17457,3364.0,2039,32030,16,45.0,1,0,0,0,0,0,0,1,1,1,0,0,0,0,0,0,1,0,0,0,0
2178,6.67,7844,4899.0,3177,14164,4,66.0,0,0,0,0,0,0,0,0,1,0,0,0,0,0,0,0,1,0,0,0,1
2191,7.69,47832,1125.0,1115,74404,110,55.0,1,0,0,0,0,0,0,1,1,1,0,0,0,0,0,0,1,0,1,0,0
2198,8.71,22283,47.0,1432,55411,124,47.0,0,0,1,0,0,1,1,0,1,0,0,0,0,0,0,0,1,0,0,0,1
2201,7.09,5941,3228.0,3652,10206,51,56.0,0,0,0,0,0,1,0,0,0,0,0,0,0,0,1,0,1,0,1,0,0
2202,7.4,7272,2046.0,3161,14243,10,60.0,0,0,0,0,0,1,0,0,1,1,0,1,0,0,0,0,1,0,1,0,0
2234,7.81,29873,860.0,1246,65382,146,82.0,0,0,0,0,0,1,0,1,0,0,0,0,0,0,0,0,1,0,0,0,1
2246,6.88,45326,3987.0,1154,71222,41,41.0,1,0,0,0,0,0,0,1,1,1,0,0,0,0,0,0,1,0,0,0,0
2256,7.47,62047,1738.0,827,105403,129,95.0,1,0,0,0,0,0,0,1,0,1,0,0,0,0,0,0,1,0,0,0,0
2266,7.9,12097,701.0,2469,23096,54,119.0,0,0,0,0,1,0,0,1,0,0,0,0,1,0,0,0,1,0,0,0,0
2271,7.25,11318,2611.0,2299,25993,45,48.0,0,0,0,0,0,0,0,1,0,0,0,0,0,0,0,1,1,0,0,0,1
2272,7.33,32505,2320.0,1509,51537,63,90.0,0,0,0,0,0,0,0,1,1,1,1,0,0,0,0,0,1,0,0,1,0
2274,7.67,12773,1179.0,2489,22835,11,48.0,0,0,0,0,0,1,0,1,0,0,0,0,0,0,0,0,1,0,0,0,1
2276,6.4,591,6004.0,7571,1421,2,57.0,0,0,0,0,1,0,0,1,0,0,0,0,0,0,1,0,1,0,0,0,0
2280,8.17,40535,344.0,1010,83333,573,106.0,0,0,0,0,0,0,1,0,0,0,0,0,0,0,0,0,1,0,0,0,1
2282,6.57,9018,5343.0,2940,16470,12,42.0,0,0,0,0,0,0,0,0,1,1,0,0,0,0,0,1,1,0,0,1,0
2284,7.31,1375,2380.0,6485,2394,4,92.0,0,0,0,0,0,0,0,0,1,1,0,0,0,0,0,0,1,0,0,0,0
2286,6.64,7355,5037.0,3481,11372,21,90.0,1,0,0,0,0,0,0,1,0,0,1,0,0,0,0,0,1,0,1,0,0
2298,7.33,1272,2303.0,5912,3064,20,87.0,0,0,0,0,0,0,0,1,1,0,0,1,0,0,0,0,1,0,0,0,1
2309,7.28,3624,2497.0,4124,7627,4,94.0,0,0,0,0,1,0,0,0,0,0,1,0,0,0,0,0,1,0,0,1,0
2316,6.65,631,4956.0,7239,1679,0,120.0,1,0,0,0,1,0,0,1,1,0,0,0,0,0,0,0,1,0,0,0,1
2317,7.32,673,2350.0,5841,3162,2,89.0,0,0,0,0,1,0,0,1,0,0,1,0,0,0,0,0,1,0,0,0,1
2330,6.86,3238,4093.0,4333,6674,7,102.0,0,0,0,0,1,0,0,0,0,0,0,0,0,0,0,0,1,0,0,1,0
2348,7.05,687,3367.0,7188,1712,3,60.0,0,0,0,0,0,0,0,0,0,0,1,0,0,0,0,0,1,0,0,0,0
2351,8.22,873,292.0,2227,27812,77,115.0,0,0,0,0,0,0,0,0,0,0,1,0,0,0,0,0,1,0,0,0,1
2353,7.44,25046,1865.0,1552,48885,60,90.0,0,0,0,0,0,1,0,1,0,0,0,0,0,0,0,0,1,0,0,1,0
2358,7.93,50185,645.0,975,87118,876,97.0,0,0,0,0,0,0,0,1,0,0,1,0,1,0,0,0,1,0,0,1,0
2360,7.75,12845,1008.0,2423,23938,28,48.0,0,0,0,0,0,1,0,1,0,0,0,0,0,0,0,0,1,0,0,0,1
2378,7.44,61496,1844.0,776,111139,140,110.0,1,0,0,0,0,0,0,1,1,1,1,1,0,0,0,0,1,0,0,0,1
2389,7.75,62485,994.0,621,134519,665,90.0,0,0,0,0,0,0,0,0,0,0,1,0,1,0,0,0,1,0,0,1,0
2396,8.08,3554,456.0,3895,8716,80,90.0,0,0,0,0,0,0,0,1,1,0,0,0,0,0,0,0,1,0,0,0,1
2398,7.66,35800,1210.0,1172,70141,119,90.0,0,0,0,0,0,0,0,1,0,0,0,1,0,0,0,0,1,0,0,0,1
2402,7.67,13406,1176.0,2169,28647,103,97.0,0,0,0,0,0,0,0,1,0,0,0,1,0,0,0,0,1,0,0,0,1
2410,6.65,679,4981.0,7018,1864,0,51.0,0,0,0,0,0,0,0,1,1,0,0,0,0,0,0,1,1,0,0,0,1
2413,7.25,1291,2615.0,5553,3604,4,99.0,0,0,0,0,0,0,1,0,0,0,1,0,0,0,0,0,1,0,1,0,0
2415,7.56,3283,1476.0,4200,7323,10,87.0,1,0,0,0,0,0,0,1,0,1,0,0,0,0,0,0,1,0,0,0,1
2425,8.17,25557,349.0,1751,40822,478,67.0,0,0,0,0,0,0,0,0,1,0,1,0,0,0,0,0,1,0,0,1,0
2438,6.43,526,5893.0,4197,7333,13,95.0,0,0,0,0,0,0,0,0,0,0,0,0,0,0,0,0,1,0,0,0,1
2439,7.5,40788,1628.0,1251,65172,53,51.0,1,0,0,0,0,0,0,1,1,1,0,0,0,0,0,0,1,0,1,0,0
2440,5.16,812,8874.0,7044,1840,4,47.0,0,0,1,0,0,0,0,0,0,0,1,0,1,0,1,0,1,0,0,0,0
2444,7.7,4320,1103.0,3700,9845,92,128.0,0,0,0,0,0,0,0,0,1,0,1,0,0,0,0,0,1,0,0,0,0
2458,7.22,2020,2751.0,4558,5957,8,54.0,0,0,0,0,0,0,0,0,0,0,1,0,0,0,0,0,1,0,0,0,1
2468,5.67,253,8064.0,8984,683,0,45.0,0,0,0,0,0,0,0,0,1,0,0,0,0,0,0,0,1,0,1,0,0
2470,6.89,972,3945.0,6517,2349,3,71.0,0,1,0,0,0,0,0,0,0,0,0,1,0,0,0,0,1,0,0,0,1
2472,7.55,11458,1494.0,2292,26121,15,59.0,0,0,0,0,1,0,0,0,0,0,0,0,0,0,0,0,1,0,0,0,1
2473,7.61,19978,1334.0,1895,36189,23,113.0,1,0,0,0,0,0,0,1,1,1,0,0,0,0,0,0,1,0,0,1,0
2479,7.46,2321,1750.0,3010,15584,12,105.0,0,0,1,0,0,1,0,1,0,0,0,0,0,0,0,0,1,0,0,0,1
2482,7.16,1410,2982.0,5946,3014,2,43.0,0,0,0,0,0,0,0,0,0,1,1,0,0,0,0,1,1,0,0,1,0
2487,7.57,1806,1449.0,4368,6544,7,60.0,1,0,0,0,0,0,0,0,0,1,1,0,0,0,0,0,1,0,0,0,1
2500,7.74,36240,1013.0,1224,66441,159,51.0,1,0,0,0,1,0,0,1,0,0,0,0,0,0,0,0,1,0,0,0,1
2510,7.89,30114,709.0,1574,47871,30,47.0,1,0,0,0,1,0,0,1,0,0,0,0,0,0,0,0,1,0,0,0,1
2519,5.8,106,7799.0,9866,414,0,46.0,0,0,0,0,0,0,1,0,0,1,1,0,1,0,1,0,1,0,1,0,0
2521,6.87,606,4035.0,7223,1691,4,75.0,0,1,0,0,0,0,0,0,0,0,0,1,0,0,0,0,1,0,0,0,1
2525,6.85,118,4122.0,9030,668,0,65.0,0,1,0,0,0,0,1,0,0,0,0,0,0,0,0,0,1,0,0,0,1
2527,7.53,13368,1568.0,2240,27267,109,130.0,1,0,0,0,0,0,0,0,1,0,0,0,0,0,0,0,1,0,0,0,1
2555,7.41,2261,1977.0,5198,4255,17,60.0,1,0,0,0,0,0,0,0,0,1,0,0,0,0,0,0,1,0,0,1,0
2557,7.58,21469,1409.0,1505,51705,150,70.0,0,0,0,0,0,0,0,1,0,0,0,0,0,0,0,0,1,0,0,0,1
2578,6.77,519,4438.0,7724,1312,1,93.0,0,0,1,1,0,0,1,0,0,1,0,0,0,0,0,0,1,0,0,1,0
2589,6.39,176,6057.0,9500,510,0,68.0,0,0,0,0,0,0,1,0,0,0,0,0,0,0,0,1,1,0,0,0,0
2595,7.09,556,3222.0,7194,1709,4,56.0,0,1,0,0,0,0,0,0,0,0,0,0,0,0,0,0,1,0,0,0,1
2597,6.15,4137,6923.0,4068,7864,19,48.0,1,0,0,0,0,0,0,1,0,0,0,0,0,0,1,0,1,0,0,0,0
2612,7.92,3991,663.0,3876,8852,20,60.0,0,0,1,0,0,0,0,0,0,0,0,0,0,0,0,0,1,0,0,0,1
2620,5.64,131,8120.0,9874,411,0,85.0,0,0,0,0,0,0,0,0,0,0,0,0,0,0,0,0,1,0,0,0,0
2629,7.01,9689,3549.0,2976,16024,34,110.0,0,0,0,0,0,0,0,1,0,0,0,0,0,0,0,0,1,0,0,1,0
2631,7.99,40843,563.0,942,89699,674,127.0,0,0,0,0,0,1,1,0,0,0,1,0,0,0,0,0,1,0,0,0,1
2640,5.57,931,8244.0,7069,1810,5,71.0,0,0,0,0,0,0,0,1,0,0,0,0,0,0,1,0,1,0,1,0,0
2650,7.1,2697,3213.0,4633,5674,4,47.0,0,0,1,0,0,0,0,1,0,0,0,0,0,0,0,0,1,0,0,1,0
2658,8.87,62314,23.0,649,129997,1541,83.0,0,0,0,0,0,1,0,1,0,0,0,0,0,0,0,0,1,0,0,0,1
2664,7.72,13197,1065.0,2020,32435,109,87.0,0,0,0,0,0,1,0,1,0,0,0,0,0,0,0,0,1,0,0,0,1
2665,6.97,818,3686.0,5948,3018,9,95.0,1,0,0,0,1,0,0,1,0,1,0,0,0,0,0,0,1,0,0,0,1
2667,8.21,18065,300.0,2110,30049,34,108.0,1,0,0,0,0,0,0,0,1,1,0,0,0,0,0,0,1,0,0,1,0
2672,7.95,89100,616.0,587,141796,326,61.0,0,0,0,0,0,1,0,1,0,0,0,0,1,0,0,0,1,0,0,1,0
2677,7.89,59049,719.0,901,95576,216,42.0,0,0,0,0,0,0,1,0,0,1,0,0,0,0,1,0,1,0,0,1,0
2678,6.37,1210,6085.0,6587,2272,1,53.0,0,0,1,0,0,0,0,1,1,0,0,0,0,0,1,0,1,0,0,0,0
2680,6.3,1225,6381.0,5761,3284,2,120.0,0,0,1,0,0,0,0,1,1,0,1,1,0,0,0,0,1,0,0,0,0
2685,7.92,28097,652.0,1640,45016,24,47.0,1,0,0,0,1,0,0,1,0,0,0,0,0,0,0,0,1,0,0,0,1
2687,7.26,1141,2574.0,3272,13272,13,110.0,0,0,0,0,0,0,0,1,0,0,1,0,0,0,0,0,1,0,0,0,1
2694,5.91,184,7539.0,9537,498,0,72.0,0,0,0,0,0,0,0,0,1,0,0,0,1,0,0,1,1,0,0,0,0
2711,7.76,2758,970.0,4777,5297,25,69.0,1,0,0,0,0,0,1,0,0,1,1,0,1,0,0,0,1,0,0,0,0
2726,5.6,248,8191.0,9210,598,1,44.0,0,0,0,0,0,0,0,1,0,0,0,0,0,0,1,0,1,0,0,0,0
2728,7.13,5200,3096.0,3274,13277,23,79.0,0,0,0,0,1,0,0,0,0,1,1,0,0,0,1,0,1,0,1,0,0
2735,5.74,242,7908.0,8780,760,0,81.0,0,0,0,0,0,0,0,1,1,0,0,0,0,0,0,0,1,0,0,0,0
2753,8.13,10881,405.0,2224,27671,222,105.0,0,0,0,0,0,1,0,1,0,0,0,0,0,0,0,0,1,0,0,0,1
2755,7.15,16978,2990.0,2393,24362,39,97.0,0,0,0,0,0,0,0,1,0,0,0,0,0,0,0,0,1,0,0,1,0
2761,8.27,34023,264.0,1472,53304,113,61.0,1,0,0,0,0,0,0,0,0,1,0,0,0,0,1,0,1,0,0,1,0
2772,7.51,8584,1613.0,3089,14830,13,135.0,0,0,0,0,1,0,0,1,0,0,1,0,0,0,0,0,1,0,0,0,0
2775,8.31,53876,231.0,827,105435,646,90.0,0,0,0,0,0,1,1,0,0,0,0,0,0,0,0,0,1,0,0,0,1
2797,7.06,613,3327.0,7121,1768,2,94.0,0,0,0,0,1,0,0,1,0,0,0,0,0,1,0,0,1,0,0,0,1
2814,7.5,5184,1647.0,3288,13115,10,61.0,0,0,0,0,0,0,0,0,0,1,0,0,0,0,0,1,1,0,0,1,0
2819,7.27,1702,2544.0,4853,5050,9,53.0,0,0,0,0,0,0,0,0,0,0,1,0,0,0,0,0,1,0,0,0,1
2831,7.05,538,3382.0,7607,1400,4,70.0,0,1,0,0,0,0,0,1,0,1,0,1,0,0,0,0,1,0,0,0,1
2835,7.2,7457,2802.0,3232,13602,152,51.0,0,0,0,0,0,1,0,0,0,0,0,0,0,0,1,0,1,0,0,0,0
2839,7.48,1979,1715.0,4846,5094,6,89.0,1,0,0,0,0,0,0,0,0,0,1,0,0,0,0,0,1,0,0,0,1
2846,7.4,43910,2009.0,1221,66741,90,107.0,1,0,0,0,0,0,0,1,1,1,0,0,0,0,0,0,1,0,0,0,1
2848,6.94,969,3787.0,5146,4386,18,75.0,1,0,0,0,0,0,0,1,1,1,1,0,0,0,0,1,1,0,0,0,1
2851,7.68,1789,1159.0,4505,6077,4,52.0,0,0,0,0,0,0,1,0,0,1,1,0,0,0,0,0,1,0,0,0,1
2852,7.56,14260,1460.0,2209,27924,114,82.0,0,0,0,0,0,0,0,1,1,1,1,0,0,0,0,0,1,0,0,0,1
2854,7.66,40403,1199.0,1160,70920,641,94.0,1,0,0,0,0,1,0,0,1,0,0,0,1,0,0,0,1,0,1,0,0
2856,5.4,394,8543.0,8276,997,1,48.0,0,1,0,0,0,0,0,0,0,0,0,0,0,0,1,0,1,0,0,0,0
2858,7.71,10458,1086.0,2582,21317,75,93.0,0,0,0,0,0,0,0,1,0,0,0,0,0,0,0,0,1,0,0,0,1
2865,7.77,4268,942.0,3139,14410,18,78.0,0,0,0,0,0,1,0,1,0,0,0,1,0,0,0,0,1,0,0,0,1
2866,8.28,48625,258.0,897,95955,910,103.0,0,0,0,0,0,0,0,0,0,0,1,0,0,0,0,0,1,0,0,0,1
2874,5.68,163,8053.0,8907,712,0,60.0,0,1,0,0,0,0,0,0,0,0,0,0,0,0,1,0,1,0,0,0,0
2879,8.02,25780,539.0,1602,46878,92,60.0,0,0,0,0,0,1,0,0,0,1,1,0,0,0,0,0,1,0,0,1,0
2902,6.5,167,5602.0,8830,739,0,43.0,0,0,0,0,0,0,1,0,0,1,0,0,0,0,0,1,1,0,0,1,0
2908,6.88,2401,,4919,4863,7,44.0,0,0,0,0,0,0,0,0,0,0,1,0,1,0,1,0,1,0,0,1,0
2914,7.21,1061,2782.0,6570,2293,1,54.0,0,0,1,0,0,0,0,0,0,0,1,0,0,0,1,0,1,0,0,1,0
2921,8.08,30462,453.0,1257,64952,247,83.0,0,0,1,0,1,0,0,1,0,0,0,0,0,0,0,0,1,0,0,1,0
2923,7.49,1457,1669.0,5530,3644,2,90.0,0,0,1,0,0,0,0,1,1,1,0,0,0,0,0,1,1,0,0,1,0
2970,7.53,38339,1548.0,1043,79547,309,72.0,0,0,0,0,0,0,0,0,0,0,0,0,1,0,0,0,1,0,0,0,1
2972,7.46,818,1763.0,7213,1694,4,100.0,0,0,1,0,0,0,0,0,1,1,0,0,0,0,0,0,1,0,0,0,1
2992,8.3,7645,236.0,3128,14475,58,112.0,1,0,0,0,0,0,0,1,0,0,0,0,0,0,0,0,1,0,0,0,1
2998,8.64,36043,62.0,1201,67787,100,45.0,0,0,1,0,0,1,1,0,1,0,0,0,0,0,0,1,1,0,0,0,1
3008,8.28,13608,259.0,2287,26240,27,106.0,1,0,0,0,0,0,0,1,1,1,1,0,0,0,0,1,1,0,0,0,1
3012,7.49,14757,1683.0,2346,25265,14,48.0,0,0,0,0,0,1,0,1,0,0,0,0,0,0,0,0,1,0,0,0,1
3014,8.09,113031,451.0,316,226795,2218,119.0,0,0,0,0,0,0,0,1,1,0,0,0,1,0,0,0,1,0,0,0,1
3020,6.05,3467,7231.0,4215,7248,4,58.0,0,0,0,0,0,0,0,1,0,0,0,0,0,0,1,0,1,0,1,0,0
3046,6.77,924,4444.0,6420,2463,3,54.0,0,0,0,0,0,0,0,1,0,0,1,0,0,0,0,0,1,0,1,0,0
3062,6.57,573,5317.0,7156,1738,10,119.0,0,0,0,0,0,0,0,1,0,0,0,0,0,0,0,0,1,0,0,0,0
3066,8.45,58463,133.0,763,113601,403,109.0,0,0,0,0,0,0,0,0,0,0,1,1,0,0,0,0,1,0,0,0,1
3068,8.1,58554,440.0,686,123327,970,83.0,0,0,0,0,0,0,1,0,0,1,0,0,1,0,0,0,1,0,0,0,1
3083,6.25,1078,6579.0,5120,4433,20,59.0,0,1,0,0,0,0,0,0,0,0,0,0,0,0,0,0,1,0,0,0,1
3085,6.22,7835,6689.0,2441,23539,127,84.0,0,1,0,0,0,0,0,0,0,0,0,0,1,0,0,0,1,0,0,0,1
3089,6.4,199,6009.0,7864,1240,0,51.0,0,0,0,0,0,0,0,0,1,0,0,0,0,0,0,0,1,0,0,0,1
3093,7.41,348,1968.0,8479,894,1,104.0,1,0,0,0,0,0,0,0,1,1,0,0,0,0,0,0,1,0,0,0,1
3102,7.47,13647,1723.0,2163,28909,20,58.0,0,0,0,0,1,0,0,0,0,0,0,0,0,0,0,0,1,0,0,0,1
3109,8.47,112763,120.0,403,189081,4922,116.0,0,0,0,0,0,0,0,0,0,0,1,1,0,0,0,0,1,0,0,0,1
3111,8.13,63319,393.0,629,133147,409,99.0,0,0,0,0,0,1,1,0,0,0,1,0,0,0,0,0,1,0,0,0,1
3131,7.47,15774,1733.0,2138,29464,48,64.0,0,0,0,0,0,0,0,1,0,0,0,0,0,0,0,0,1,0,0,0,1
3136,8.52,66674,94.0,707,120714,1446,121.0,0,0,0,0,0,1,0,1,0,0,0,0,1,0,0,0,1,0,0,0,0
3155,7.11,1341,3191.0,5638,3473,2,71.0,0,1,0,0,0,0,0,0,0,0,0,1,0,0,0,0,1,0,0,0,1
3156,9.04,296261,12.0,77,511915,19815,130.0,1,0,0,0,0,0,0,0,0,0,1,0,0,0,0,0,1,0,0,0,1
3158,8.35,249571,194.0,113,411479,4395,98.0,0,0,0,0,0,0,0,0,1,0,1,0,1,0,0,0,1,0,0,1,0
3161,7.82,2347,840.0,3197,13972,56,100.0,0,0,0,0,0,1,0,0,1,0,1,0,1,0,0,0,1,0,0,0,1
3171,7.18,727,2889.0,7047,1839,1,71.0,0,1,0,0,0,0,0,0,0,0,0,1,0,0,0,0,1,0,0,0,1
3174,6.19,2177,6786.0,4847,5065,3,46.0,0,0,0,1,0,0,0,1,0,1,0,0,0,0,1,0,1,0,1,0,0
3178,6.88,361,4007.0,7833,1252,3,71.0,0,1,0,0,0,0,0,1,0,1,0,1,0,0,0,0,1,0,0,0,1
3195,7.32,3276,2346.0,3938,8461,16,93.0,0,0,0,0,0,0,0,0,1,0,1,0,0,0,0,0,1,0,0,0,0
3197,5.94,785,7470.0,6261,2632,1,60.0,0,0,0,0,0,0,0,1,0,0,1,0,0,0,1,0,1,0,0,1,0
3220,7.7,6994,1118.0,1989,33180,68,102.0,0,0,0,0,0,1,0,1,0,0,0,1,0,0,0,0,1,0,0,0,1
3225,7.94,14846,629.0,2352,25166,8,116.0,1,0,0,0,0,0,0,0,1,1,0,0,0,0,0,0,1,0,0,1,0
3227,6.96,314,3724.0,7997,1159,1,94.0,0,0,0,0,0,1,0,0,1,0,0,0,0,0,0,0,1,0,0,0,1
3238,7.59,18718,1384.0,1276,64046,284,90.0,0,0,0,0,0,1,0,1,0,0,0,1,0,0,0,0,1,0,0,0,1
3242,7.02,2750,3503.0,4028,8026,11,107.0,0,0,0,0,0,0,1,0,0,0,1,0,0,0,0,1,1,0,0,1,0
3249,7.39,2026,2085.0,4670,5605,18,47.0,0,0,0,0,0,0,0,1,1,1,0,0,1,0,0,1,1,0,1,0,0
3252,5.21,730,8811.0,7076,1799,3,139.0,0,0,0,0,0,0,0,1,1,0,1,0,0,0,0,0,1,0,0,0,0
3256,7.01,569,3540.0,7872,1229,2,65.0,0,0,0,0,0,0,0,0,0,0,0,0,0,0,0,0,1,0,0,0,0
3259,7.71,5382,1074.0,2208,27873,66,92.0,1,0,0,0,0,0,0,1,0,1,0,0,0,0,0,0,1,0,0,0,1
3260,7.41,85391,1983.0,597,138841,285,94.0,1,0,0,0,0,0,0,1,1,1,0,0,0,0,0,0,1,0,0,1,0
3263,7.35,27048,2221.0,1561,48386,115,91.0,0,0,0,0,0,1,0,0,0,0,1,0,1,0,0,0,1,0,0,1,0
3273,6.72,10659,4658.0,2324,25541,42,89.0,0,0,0,0,0,0,0,1,1,0,0,0,0,0,0,0,1,0,0,0,1
3285,6.1,1742,7090.0,5563,3588,14,51.0,1,0,0,1,0,0,0,0,1,1,0,0,0,0,1,0,1,0,0,0,0
3299,6.86,2675,4086.0,4338,6672,3,43.0,0,0,0,0,0,0,1,0,0,1,0,0,0,0,1,0,1,0,0,0,1
3304,6.6,4060,5221.0,3810,9202,12,98.0,0,0,0,0,0,1,0,1,0,0,0,0,0,0,0,0,1,0,0,0,1
3314,7.31,40817,2382.0,1255,65085,31,50.0,1,0,0,0,0,0,0,1,1,1,0,0,0,0,0,0,1,0,1,0,0
3319,7.67,690,1180.0,5412,3831,4,95.0,0,0,1,0,0,0,1,0,0,1,0,0,0,0,0,0,1,0,0,0,1
3326,7.45,3508,1805.0,4159,7460,21,95.0,1,0,0,0,0,1,0,0,1,0,0,0,0,0,0,0,1,0,0,1,0
3347,8.06,63346,472.0,888,97596,354,92.0,0,0,1,0,0,1,0,1,1,0,1,0,0,0,0,0,1,0,0,0,1
3348,7.54,10906,1535.0,1532,50240,94,63.0,0,1,0,0,0,0,0,0,0,0,1,0,1,0,0,0,1,0,0,0,1
3349,8.14,21584,379.0,1939,34803,45,100.0,1,0,0,0,0,0,0,0,1,1,0,0,0,0,0,0,1,0,1,0,0
3372,6.66,1870,4900.0,5611,3518,1,48.0,0,0,0,0,1,0,0,1,0,1,0,0,0,0,1,0,1,0,0,0,0
3374,7.17,23268,2920.0,1634,45202,151,97.0,0,1,0,0,1,0,0,0,1,0,1,0,1,0,0,0,1,0,0,1,0
3392,7.87,104877,750.0,484,165875,708,95.0,1,0,0,0,0,0,0,1,0,1,0,0,0,0,0,0,1,0,0,0,1
3404,8.92,498602,19.0,39,705769,15412,125.0,0,0,0,0,0,1,0,0,1,0,1,0,0,0,0,0,1,0,0,1,0
3408,7.62,16710,1293.0,2005,32739,30,56.0,0,0,0,0,1,0,0,0,0,0,0,0,0,0,0,0,1,0,0,0,1
3413,7.03,48728,3472.0,1096,75274,53,75.0,0,0,0,0,0,0,0,0,1,1,1,0,0,0,0,0,1,0,0,1,0
3416,6.99,9245,3612.0,2916,16753,10,69.0,0,0,0,0,0,0,0,1,1,1,0,0,0,0,0,1,1,0,0,1,0
3428,6.56,120,5392.0,5601,3528,7,85.0,0,0,0,0,0,0,1,1,0,1,1,0,0,0,0,0,1,0,0,0,1
3429,7.59,9918,1377.0,2098,30321,70,100.0,0,0,0,0,1,0,0,1,0,0,0,0,0,0,0,0,1,0,0,0,1
3437,7.73,7137,1040.0,3108,14683,18,80.0,0,0,1,0,0,0,0,1,0,0,1,0,0,0,1,0,1,0,0,1,0
3438,6.56,277,5366.0,8514,880,0,48.0,1,0,0,0,0,0,0,0,0,1,0,0,0,0,0,0,1,0,0,0,0
3445,8.05,13136,492.0,2331,25439,428,115.0,0,0,0,0,1,0,0,1,0,0,0,0,1,0,0,0,1,0,0,0,0
3446,8.38,14708,172.0,1540,49814,293,126.0,0,0,1,0,0,0,0,0,0,0,1,0,0,0,0,0,1,0,0,0,1
3447,7.11,1250,3178.0,5096,4500,7,105.0,0,0,0,0,0,0,1,0,0,0,0,0,1,0,0,0,1,0,0,0,1
3452,7.47,2449,1747.0,4299,6857,10,88.0,1,0,0,0,0,0,0,0,0,0,1,0,0,0,0,0,1,0,0,0,1
3463,7.41,1224,2003.0,6014,2932,4,70.0,0,1,0,0,0,0,0,0,0,0,0,0,1,0,0,0,1,0,0,1,0
3466,7.99,4051,567.0,2715,19367,25,88.0,1,0,0,0,0,0,0,0,0,1,1,0,0,0,0,0,1,0,0,0,1
3472,7.8,4389,876.0,3040,15282,251,90.0,1,0,0,0,0,0,0,1,1,0,0,0,0,0,0,0,1,0,0,1,0
3487,8.5,90673,102.0,482,166887,1755,118.0,0,0,0,0,0,1,0,0,1,0,0,0,0,0,0,0,1,0,0,0,1
3488,8.18,59717,334.0,659,126838,1109,119.0,0,0,0,0,0,0,0,0,0,0,1,0,1,0,0,0,1,0,0,0,1
3497,7.75,37581,991.0,1278,63813,238,99.0,1,0,0,0,0,1,0,0,1,0,1,0,1,0,0,0,1,0,0,1,0
3503,7.25,1972,2630.0,4518,6038,8,90.0,0,0,0,0,0,1,0,1,0,0,0,1,0,0,0,0,1,0,0,0,0
3514,7.15,24459,3000.0,1559,48449,137,110.0,0,0,0,0,0,0,0,1,0,0,0,0,0,0,0,0,1,0,0,0,0
3521,7.7,1564,1103.0,2793,18259,48,95.0,0,0,0,0,0,0,1,0,0,0,1,0,0,0,0,0,1,0,0,0,1
3522,6.95,2098,3741.0,5049,4568,9,80.0,0,0,0,0,0,0,0,0,1,0,1,0,1,0,0,0,1,0,1,0,0
3541,7.23,2375,2699.0,4890,4972,7,102.0,0,0,0,0,0,0,0,1,1,1,1,0,1,0,0,0,1,0,0,0,0
3549,7.8,5249,871.0,3013,15566,42,102.0,0,0,0,0,0,0,0,0,0,0,1,0,0,0,0,0,1,0,0,0,1
3552,7.29,17982,2454.0,1994,33071,25,74.0,1,0,0,0,0,0,0,1,1,1,0,0,0,0,0,0,1,0,1,0,0
3554,7.04,501,3402.0,7891,1219,1,108.0,0,0,1,0,0,0,0,0,0,1,0,0,0,0,0,0,1,0,0,0,1
3561,7.96,3677,596.0,3298,13070,54,87.0,0,0,0,0,0,1,0,1,0,0,1,0,0,0,0,0,1,0,0,0,1
3562,6.51,2204,5576.0,5107,4467,3,85.0,1,0,0,0,1,0,0,0,1,0,0,0,0,0,0,0,1,0,0,1,0
3563,7.58,399,1404.0,3576,10656,11,115.0,0,0,0,0,0,0,0,0,0,0,1,0,0,0,0,0,1,0,0,0,1
3573,6.61,134,5163.0,4223,7232,11,60.0,0,1,0,0,0,0,0,0,0,0,0,0,1,0,0,0,1,0,0,0,1
3583,6.58,9420,5296.0,2898,16933,32,70.0,0,0,0,0,0,0,0,1,1,1,0,0,0,0,0,0,1,0,0,0,1
3588,7.6,27444,1355.0,1417,56026,364,109.0,1,0,0,0,0,0,0,0,1,0,1,0,1,0,0,0,1,0,0,1,0
3589,7.72,51766,1062.0,773,111584,419,116.0,0,0,0,0,0,0,0,0,1,0,0,0,1,0,0,0,1,0,0,0,1
3593,8.33,90299,212.0,511,157591,2411,102.0,0,0,0,0,0,0,0,1,0,0,0,0,0,0,0,0,1,0,0,0,0
3596,8.16,152066,356.0,280,248358,1102,100.0,0,0,0,0,1,0,0,1,0,0,0,0,0,0,0,0,1,0,0,1,0
3597,8.3,62123,235.0,879,98959,717,110.0,0,0,1,0,0,1,0,1,1,0,1,0,0,0,0,0,1,0,0,0,1
3600,7.18,9892,2881.0,2595,21182,59,75.0,0,0,0,0,0,0,0,0,0,0,1,0,0,0,0,0,1,0,0,0,1
3612,7.08,134,3254.0,9216,597,0,105.0,0,0,1,0,0,0,0,0,0,1,0,0,0,0,0,0,1,0,0,0,1
3619,5.79,135,7821.0,9471,515,0,67.0,0,0,0,0,0,0,0,0,0,0,1,0,0,0,0,1,1,0,0,0,0
3620,7.69,10761,1122.0,2149,29191,44,104.0,0,0,1,0,0,1,0,1,0,0,0,0,0,0,0,0,1,0,0,0,1
3653,7.68,35274,1150.0,1357,59849,129,99.0,1,0,0,0,0,0,0,0,1,1,1,0,1,0,0,0,1,0,0,1,0
3661,7.05,1561,3360.0,6105,2823,3,93.0,0,0,1,0,0,0,0,1,1,1,0,0,0,0,0,0,1,0,1,0,0
3664,7.48,2664,1712.0,3325,12850,29,117.0,0,0,0,0,0,0,0,0,1,0,0,0,0,0,0,0,1,0,0,0,1
3685,6.48,1386,5670.0,6181,2738,5,82.0,0,0,1,0,0,0,0,1,0,0,0,0,0,0,0,0,1,0,0,0,1
3686,6.77,1663,4440.0,5748,3309,1,62.0,1,0,0,0,0,0,0,1,1,1,0,0,0,0,0,0,1,0,0,1,0
3695,7.89,59413,718.0,859,101612,278,53.0,0,0,0,0,0,0,0,0,1,1,0,1,0,0,0,0,1,0,0,0,1
3703,6.97,39215,3668.0,1190,68559,144,74.0,0,0,0,0,0,1,0,1,0,0,0,1,0,0,0,1,1,0,0,0,1
3717,6.55,855,5403.0,7150,1746,2,50.0,0,0,0,0,0,0,0,1,0,0,0,0,0,0,1,0,1,0,0,0,0
3722,5.33,1877,8632.0,5497,3699,5,45.0,0,0,0,0,0,1,0,0,1,0,1,0,0,0,1,0,1,0,0,0,0
3723,6.52,1644,5520.0,5343,3946,6,50.0,0,0,1,0,0,0,0,1,0,0,0,0,0,0,1,0,1,0,0,0,0
3735,7.25,7888,2603.0,3116,14589,33,80.0,0,0,0,0,0,0,0,1,1,0,0,0,0,0,0,0,1,0,0,1,0
3736,7.29,1429,2465.0,6148,2774,6,56.0,0,0,0,0,1,0,0,1,0,0,0,0,0,0,1,0,1,0,0,1,0
3737,7.58,919,1412.0,4758,5351,28,89.0,0,0,1,0,0,0,0,0,0,0,1,0,0,0,0,0,1,0,0,0,0
3763,7.36,18746,2212.0,1814,38712,227,122.0,0,0,0,0,0,0,0,0,0,0,1,0,0,0,0,0,1,0,0,1,0
3768,6.24,2932,6609.0,4458,6253,14,83.0,0,0,0,0,0,0,0,0,0,0,0,0,0,0,0,0,1,0,1,0,0
3770,5.77,165,7873.0,9131,627,1,82.0,0,0,0,0,0,0,0,1,1,1,0,0,0,0,1,0,1,0,0,1,0
3775,7.87,736,762.0,6864,1994,8,93.0,0,0,0,0,0,0,0,0,1,0,1,0,0,0,0,0,1,0,0,0,1
3789,5.87,317,7638.0,7964,1174,3,47.0,0,0,0,0,0,0,0,1,1,0,0,0,0,0,1,0,1,0,1,0,0
3798,6.74,9493,4566.0,2707,19450,34,66.0,0,0,0,0,1,0,0,1,1,0,0,0,0,0,1,0,1,0,0,0,0
3805,7.72,41740,1057.0,1030,81151,180,59.0,0,0,0,0,1,0,0,1,0,0,0,0,0,0,0,0,1,0,0,0,1
3806,5.66,106,8087.0,10314,327,0,43.0,0,0,1,0,0,0,0,0,1,0,0,0,0,0,1,0,1,0,1,0,0
3807,6.84,11395,4161.0,2657,20312,8,96.0,0,0,0,0,0,0,0,0,1,1,1,0,0,0,0,0,1,0,0,0,1
3815,7.39,11643,2078.0,2497,22714,29,49.0,1,0,0,0,0,0,0,1,1,1,0,0,0,0,0,1,1,0,0,1,0
3822,8.17,67370,352.0,602,138170,892,99.0,0,0,1,0,0,0,0,0,0,0,0,0,0,0,0,0,1,0,0,0,1
3838,6.11,112,7056.0,8780,764,2,63.0,0,1,0,0,0,0,0,0,0,0,0,1,0,0,0,0,1,0,0,0,1
3842,7.36,10349,2209.0,2804,18048,25,66.0,1,0,0,0,0,0,0,0,1,1,0,1,0,0,0,0,1,0,1,0,0
3863,7.08,309,3273.0,7818,1258,4,122.0,0,0,0,0,0,0,0,0,1,0,1,0,0,0,0,0,1,0,0,0,0
3869,7.71,37930,1076.0,1372,58266,131,47.0,1,0,0,0,0,0,0,0,1,1,0,0,0,0,0,1,1,0,1,0,0
3871,7.75,1118,984.0,3415,11937,26,98.0,0,0,0,0,0,0,1,0,0,0,0,0,0,0,0,0,1,0,0,0,1
3872,6.47,8786,5735.0,3059,15062,33,92.0,1,0,0,0,0,0,0,0,1,0,0,0,0,0,0,0,1,0,0,0,1
3894,6.88,1481,4015.0,5594,3535,4,95.0,0,0,0,0,0,0,0,1,1,1,1,0,1,0,0,0,1,0,0,0,0
3895,7.03,3172,3446.0,3913,8568,16,63.0,0,0,0,0,0,0,0,0,0,0,1,0,0,0,0,0,1,0,0,0,0
3907,5.98,2379,7397.0,4733,5401,10,50.0,0,1,0,0,0,1,0,1,0,0,1,0,0,0,1,0,1,0,1,0,0
3911,8.48,193744,113.0,216,295923,8159,87.0,0,0,0,0,1,0,0,0,0,0,1,0,0,0,0,0,1,0,1,0,0
3914,6.37,1158,6143.0,6376,2518,1,50.0,0,0,0,0,0,0,0,0,0,0,0,0,0,0,1,0,1,0,0,0,0
3917,6.61,4580,,3943,8436,38,46.0,0,0,0,0,0,0,0,0,0,0,1,0,1,0,1,0,1,0,1,0,0
3923,6.67,31179,4916.0,1615,46247,59,101.0,0,0,0,0,0,0,0,0,1,1,0,0,0,0,0,0,1,0,0,1,0
3925,7.11,1110,3152.0,6654,2196,4,96.0,0,0,1,0,0,0,0,0,0,1,0,0,0,0,0,0,1,0,1,0,0
3926,6.93,1931,3816.0,5116,4456,5,55.0,0,0,0,0,0,0,0,0,0,0,1,0,0,0,1,0,1,0,1,0,0
3927,5.74,659,7942.0,7308,1615,0,45.0,0,0,0,0,0,0,0,1,0,0,0,0,0,0,1,0,1,0,1,0,0
3989,6.99,541,3608.0,7151,1744,5,51.0,0,0,0,0,0,0,0,1,0,0,0,0,0,1,0,0,1,0,0,0,1
4012,8.38,131138,179.0,364,204958,1811,125.0,0,0,0,0,0,0,0,0,1,0,0,0,1,0,0,0,1,0,0,0,0
4016,7.13,229,3065.0,8811,752,2,96.0,0,0,1,0,0,0,0,0,0,1,0,0,0,0,0,0,1,0,0,0,1
4019,7.21,3294,2784.0,4278,6926,1,97.0,0,0,0,0,1,0,0,0,0,0,1,0,1,0,0,0,1,0,0,1,0
4020,7.38,4111,2098.0,4103,7706,19,93.0,0,0,0,0,0,0,0,0,0,0,1,0,0,0,0,0,1,0,1,0,0
4044,7.37,1655,2163.0,4144,7540,8,134.0,0,0,1,0,1,0,0,1,0,0,0,0,0,0,0,0,1,0,0,0,1
4047,7.97,39643,587.0,1310,61960,225,105.0,0,0,1,0,0,0,0,1,0,0,1,0,1,0,0,0,1,0,0,1,0
4060,7.94,15781,627.0,2276,26534,16,110.0,1,0,0,0,0,0,0,0,1,1,0,0,0,0,0,0,1,0,0,1,0
4064,6.55,1105,5401.0,6340,2558,2,55.0,0,0,0,0,0,0,0,1,1,1,0,0,0,0,1,0,1,0,0,0,0
4066,7.91,5226,690.0,3251,13460,30,105.0,0,0,0,0,0,0,0,1,0,1,0,0,1,0,0,0,1,0,0,0,1
4068,7.11,24064,3184.0,1802,39264,70,94.0,0,0,0,0,0,0,0,1,1,1,1,0,0,0,0,0,1,0,0,0,0
4073,6.12,807,7035.0,6970,1909,4,42.0,0,0,0,0,0,0,0,0,0,0,1,0,1,0,1,0,1,0,1,0,0
4083,7.63,3550,1273.0,4329,6709,15,90.0,1,0,0,0,0,0,0,0,0,0,0,0,0,0,0,0,1,0,0,0,1
4085,8.52,25401,95.0,1548,49099,60,47.0,0,0,1,0,0,1,1,0,1,0,0,0,0,0,0,1,1,0,0,0,1
4093,7.81,14631,864.0,1908,35921,95,100.0,0,0,1,0,0,0,0,0,1,1,1,0,0,0,0,0,1,0,0,1,0
4094,7.75,27911,998.0,1586,47452,140,91.0,1,0,0,0,0,0,0,0,1,1,0,0,0,0,0,0,1,0,0,1,0
4098,7.32,1184,2367.0,6191,2734,20,90.0,0,0,0,0,0,0,0,0,1,0,0,0,0,0,0,0,1,0,0,0,0
4112,7.45,1678,1794.0,3213,13844,13,120.0,0,0,1,0,0,1,0,1,0,0,0,0,0,0,0,0,1,0,0,0,1
4123,7.46,6937,1768.0,2826,17752,60,110.0,0,0,0,0,0,1,0,1,0,0,1,0,0,0,0,0,1,0,0,0,1
4129,7.32,11061,2356.0,2592,21155,28,42.0,1,0,0,0,0,0,0,0,1,1,0,0,0,0,0,1,1,0,0,1,0
4131,6.88,3097,4017.0,4281,6903,33,103.0,0,0,0,0,0,0,0,1,1,0,0,0,0,0,0,0,1,0,0,0,0
4138,6.3,4521,6401.0,3775,9392,22,79.0,1,0,0,0,0,1,0,0,1,0,0,0,1,0,1,0,1,0,0,0,0
4140,5.3,388,,8198,1039,4,47.0,0,0,0,0,0,0,0,0,0,0,1,0,0,0,1,0,1,0,1,0,0
4156,8.27,60064,268.0,748,115228,372,130.0,0,0,0,0,0,0,0,0,0,0,1,1,0,0,0,0,1,0,0,0,1
4159,8.33,73981,210.0,755,114843,362,115.0,1,0,0,0,0,0,0,1,1,1,1,0,0,0,0,0,1,0,0,0,0
4160,8.05,3830,494.0,4090,7761,9,106.0,1,0,0,0,0,0,0,1,1,1,1,0,0,0,0,1,1,0,0,0,1
4163,7.84,40626,815.0,994,84960,965,102.0,0,0,0,0,0,0,0,0,0,0,1,0,1,0,0,0,1,0,1,0,0
4180,7.16,60637,2975.0,927,91915,84,91.0,0,0,0,0,0,0,0,1,1,1,1,0,0,0,0,0,1,0,0,1,0
4204,6.98,18965,3635.0,1961,34199,25,45.0,1,0,0,0,0,0,0,1,1,1,0,0,0,0,0,0,1,0,0,0,0
4211,7.79,5426,908.0,2346,25274,70,93.0,0,0,0,0,0,1,0,1,0,0,0,1,0,0,0,0,1,0,0,0,1
4226,5.56,1539,8256.0,5708,3372,1,74.0,0,0,0,0,0,0,0,1,1,0,0,0,0,0,1,0,1,0,0,0,0
4237,6.6,189,5224.0,8042,1135,5,48.0,0,1,0,0,0,0,0,0,0,0,0,0,0,0,0,0,1,0,0,0,1
4249,7.49,18033,1682.0,1672,43982,77,48.0,0,0,0,0,0,1,0,1,0,0,0,0,0,0,0,0,1,0,0,0,1
4261,6.57,188,5337.0,6158,2760,2,119.0,0,0,0,0,0,0,0,1,1,0,0,0,0,0,0,0,1,0,0,0,1
4264,8.19,34318,323.0,1187,69207,248,108.0,0,0,1,0,1,0,0,0,0,0,0,0,0,0,0,1,1,0,0,1,0
4268,8.43,31473,149.0,1242,65571,1543,60.0,0,0,0,0,0,0,1,0,0,0,0,0,1,0,0,0,1,0,0,0,1
4273,8.03,11876,517.0,2661,20278,34,59.0,0,0,0,0,0,0,0,1,0,0,0,0,0,0,0,0,1,0,0,0,0
4276,7.98,5414,579.0,3604,10477,33,50.0,0,1,0,0,0,0,0,0,0,1,1,0,0,0,1,0,1,0,0,1,0
4277,7.23,15861,2703.0,2339,25393,55,49.0,1,0,0,0,0,0,0,0,1,0,0,0,0,0,0,0,1,0,0,0,1
4300,7.88,9205,735.0,2479,22975,66,83.0,0,0,0,0,0,0,0,0,0,0,1,0,0,0,0,0,1,0,0,0,0
4303,8.06,85134,476.0,613,136244,396,94.0,0,0,0,0,0,0,0,0,0,0,0,0,0,0,0,0,1,0,0,0,1
4305,7.62,33114,1298.0,1383,57879,181,87.0,1,0,0,0,0,1,0,0,1,1,1,0,1,0,0,0,1,0,0,1,0
4307,6.7,158,4757.0,9962,394,0,67.0,0,0,0,0,0,0,0,0,1,0,0,0,0,0,0,1,1,0,0,0,0
4315,7.16,638,2957.0,4728,5418,5,68.0,0,0,0,0,0,0,0,0,0,1,0,0,0,0,0,0,1,0,0,0,1
4325,7.86,10177,776.0,2770,18436,13,110.0,1,0,0,0,0,0,0,0,1,1,0,0,0,0,0,0,1,0,0,0,1
4334,6.34,345,6290.0,8137,1079,0,60.0,0,0,0,0,0,0,1,0,0,1,0,0,0,0,0,0,1,0,1,0,0
4341,6.88,103446,4011.0,486,164772,458,101.0,0,0,0,0,0,0,0,1,1,0,0,0,1,0,0,1,1,0,0,0,1
4346,7.52,1632,1569.0,5454,3772,1,90.0,1,0,0,0,0,0,0,1,0,1,0,0,0,0,0,1,1,0,1,0,0
4352,7.95,803,613.0,3720,9740,16,88.0,1,0,0,0,0,0,0,0,0,1,1,0,0,0,0,0,1,0,0,0,1
4367,7.08,2016,3286.0,4527,6017,16,111.0,0,0,0,0,0,1,0,0,0,0,1,0,0,0,0,0,1,0,0,0,1
4370,7.13,7554,3068.0,3147,14369,84,87.0,0,0,0,0,0,0,1,0,0,0,0,0,0,0,0,0,1,0,0,1,0
4376,8.32,94645,225.0,433,180949,3580,80.0,0,0,0,0,0,0,0,0,0,0,1,0,0,0,0,0,1,0,1,0,0
4386,7.56,57690,1459.0,756,114530,483,51.0,0,0,0,0,1,0,0,1,0,0,0,0,0,0,0,0,1,0,0,0,1
4387,7.32,860,2332.0,7260,1652,2,99.0,1,0,0,0,0,0,0,0,1,1,0,0,0,0,0,0,1,0,0,0,1
4396,6.65,3330,4976.0,2926,16752,29,85.0,0,0,0,0,0,0,0,1,0,0,0,0,0,0,1,0,1,0,0,0,1
4404,8.27,16443,263.0,2195,28093,45,102.0,1,0,0,0,0,0,0,1,0,0,0,0,0,0,0,0,1,0,0,0,1
4413,7.17,95969,2934.0,548,148944,220,90.0,1,0,0,0,0,1,0,0,1,1,1,0,0,0,0,0,1,0,0,1,0
4414,8.11,35847,423.0,1269,64290,966,102.0,0,0,0,0,0,0,1,0,0,0,0,0,0,0,0,0,1,0,0,0,1
4429,7.13,567,3077.0,7561,1423,3,106.0,0,0,0,0,0,0,0,0,1,0,0,0,0,0,0,1,1,0,0,0,0
4430,7.08,1437,3236.0,5552,3614,0,92.0,0,0,1,0,0,0,0,1,1,1,0,0,0,0,0,1,1,0,0,0,1
4441,8.34,88868,201.0,534,151195,1216,110.0,0,0,0,0,0,0,1,0,0,1,0,0,0,0,0,0,1,0,0,0,1
4468,8.12,7239,414.0,3352,12540,15,100.0,1,0,0,0,0,0,0,1,0,0,0,0,0,0,0,0,1,0,0,1,0
4469,8.22,179206,294.0,212,300114,2992,114.0,0,0,0,0,0,0,0,0,0,1,0,0,0,0,0,0,1,0,0,0,0
4470,8.18,2272,341.0,4264,7023,32,48.0,0,0,0,0,0,0,1,0,0,0,1,1,0,0,0,0,1,0,0,0,1
4484,6.78,228,4406.0,8798,755,2,48.0,1,0,0,0,0,0,0,0,0,0,0,0,0,0,0,1,1,0,1,0,0
4489,6.09,172,7120.0,9698,453,2,72.0,0,0,0,0,0,0,0,0,1,0,0,0,0,0,0,0,1,0,0,0,0
4490,5.68,1136,8035.0,6511,2355,3,45.0,0,0,0,0,0,0,0,1,1,1,0,0,0,0,1,0,1,0,0,0,0
4496,7.41,2227,1991.0,4800,5215,16,130.0,0,0,0,0,0,0,0,0,1,0,1,0,0,0,0,0,1,0,0,0,0
4501,6.18,40311,6829.0,1265,64543,25,50.0,1,0,0,0,0,0,0,1,1,1,0,0,0,0,0,0,1,0,1,0,0
4503,7.26,25491,2555.0,1508,51618,358,53.0,0,0,0,0,0,0,0,0,1,1,0,0,0,0,0,0,1,0,0,1,0
4504,7.26,3683,2571.0,2311,25728,66,114.0,0,0,0,0,0,0,0,0,0,0,0,0,0,0,0,0,1,0,0,0,1
4517,7.64,96735,1240.0,451,176857,907,96.0,0,0,0,0,1,0,0,1,0,0,0,0,0,0,0,0,1,0,0,0,1
4519,7.38,20909,2134.0,1617,46033,55,97.0,0,0,0,0,0,0,1,0,0,1,1,0,1,0,0,0,1,0,0,0,1
4526,7.86,1031,773.0,1644,44980,109,98.0,0,0,0,0,0,0,1,0,0,1,1,0,1,0,0,0,1,0,0,0,1
4528,7.8,15696,882.0,2201,27994,23,102.0,1,0,0,0,0,0,0,1,1,1,0,0,0,0,0,1,1,0,0,0,1
4536,7.73,9875,1031.0,2214,27803,73,117.0,0,0,0,0,1,0,0,1,0,0,0,0,0,0,1,0,1,0,0,1,0
4552,8.23,19383,287.0,1974,33806,28,106.0,1,0,0,0,0,0,0,1,1,1,1,0,0,0,0,1,1,0,0,0,1
4557,7.4,1086,2054.0,6116,2814,5,75.0,0,1,0,0,0,0,0,0,0,0,0,1,1,0,0,0,1,0,0,1,0
4577,7.78,27314,917.0,1673,43946,27,52.0,1,0,0,0,1,0,0,1,0,0,0,0,0,0,0,0,1,0,0,0,1
4581,6.75,173,4522.0,9632,472,1,114.0,0,0,0,0,0,0,0,0,1,0,0,0,0,0,0,0,1,0,0,0,0
4590,8.36,17095,186.0,2137,29479,45,111.0,1,0,0,0,0,0,0,1,0,0,0,0,0,0,0,0,1,0,0,0,0
4592,7.62,1059,1302.0,4046,7949,23,107.0,0,0,0,0,0,0,0,1,0,0,1,1,0,0,0,0,1,0,0,0,1
4598,5.08,1091,8957.0,6086,2851,3,151.0,1,0,0,0,1,0,0,1,1,1,1,0,0,0,0,0,1,0,0,0,0
4603,6.9,717,3903.0,7304,1616,0,110.0,0,0,1,1,0,0,1,0,0,1,0,0,0,0,0,0,1,0,1,0,0
4606,7.9,61625,696.0,805,107676,722,99.0,0,0,0,0,1,0,0,0,0,0,0,0,0,0,0,0,1,0,0,1,0
4610,6.59,1433,5245.0,5521,3667,14,86.0,0,0,0,0,1,0,0,1,1,0,0,0,0,0,0,0,1,0,0,0,0
4617,6.62,216,5122.0,8943,695,1,46.0,0,0,0,0,0,0,0,0,1,1,0,0,0,0,0,0,1,0,0,0,0
4624,6.79,40783,4358.0,1244,65496,22,51.0,1,0,0,0,0,0,0,1,1,0,0,0,0,0,0,0,1,0,1,0,0
4627,7.38,9823,2122.0,2674,19967,18,46.0,1,0,0,0,0,0,0,1,1,1,0,0,0,0,0,1,1,0,0,1,0
4637,7.84,9535,810.0,2754,18727,18,41.0,0,0,1,0,0,0,0,1,1,1,0,0,0,0,1,0,1,0,0,0,1
4639,8.47,4330,117.0,3629,10341,36,93.0,1,0,0,0,0,0,0,0,1,1,0,0,0,0,0,1,1,0,0,0,1
4653,7.73,7465,1052.0,3004,15667,23,89.0,1,0,0,0,0,0,0,0,0,1,1,0,0,0,0,0,1,0,0,0,1
4657,7.65,37631,1217.0,1139,72313,265,60.0,0,1,0,0,0,0,0,0,0,0,1,0,1,0,0,0,1,0,0,0,1
4687,7.35,31170,2232.0,1438,55318,103,98.0,1,0,0,0,0,0,0,1,1,0,0,0,0,0,0,0,1,0,0,0,1
4709,6.45,9504,5802.0,2779,18384,21,58.0,0,0,0,0,0,0,0,1,0,0,1,0,0,0,1,0,1,0,0,1,0
4710,8.69,71298,48.0,612,136327,771,64.0,0,0,0,0,0,1,0,1,0,0,0,0,0,0,0,0,1,0,0,0,1
4712,7.1,1631,3248.0,5474,3733,7,95.0,0,0,0,0,0,0,0,1,1,1,1,0,1,0,0,0,1,0,0,0,0
4721,6.57,219,5340.0,9349,551,0,82.0,0,0,0,0,0,0,0,0,1,0,0,0,0,0,0,0,1,0,0,0,0
4726,7.2,3769,,3504,11227,158,89.0,0,0,0,0,0,0,0,0,0,0,1,0,0,0,0,0,1,0,0,0,0
4730,7.16,1120,2965.0,3150,14339,19,105.0,0,0,0,0,0,0,0,1,0,0,1,0,0,0,0,0,1,0,0,0,1
4746,6.74,131,4594.0,9985,389,1,78.0,1,0,0,0,0,0,0,0,0,1,0,0,0,0,0,0,1,0,0,0,1
4760,7.05,987,3395.0,6284,2617,14,96.0,0,1,0,0,0,0,0,0,0,0,1,0,1,0,0,0,1,0,0,0,0
4769,7.11,1644,3171.0,5132,4415,6,100.0,0,0,0,0,0,0,0,0,1,0,0,1,0,0,0,0,1,0,0,0,1
4771,6.26,1091,6540.0,6554,2305,2,44.0,0,0,0,0,0,0,1,0,0,1,0,0,0,0,1,0,1,0,0,1,0
4778,6.84,469,4140.0,8012,1147,1,110.0,0,0,1,0,0,0,0,0,0,1,0,0,0,0,0,0,1,0,0,0,1
4780,4.85,1399,9164.0,6222,2685,2,49.0,0,0,0,0,0,1,0,1,0,0,0,0,0,0,0,0,1,0,1,0,0
4784,7.85,17032,797.0,1718,42374,603,104.0,0,0,0,0,0,0,0,0,1,1,0,0,1,0,0,0,1,0,0,1,0
4795,7.27,1109,2536.0,6329,2570,3,71.0,0,1,0,0,0,0,0,1,0,0,0,1,0,0,0,0,1,0,0,0,1
4798,6.81,286,4299.0,7650,1369,0,130.0,0,0,0,0,0,0,0,1,0,0,1,0,0,0,0,1,1,0,0,0,1
4803,7.73,2919,1048.0,4756,5350,22,72.0,0,0,0,0,0,0,0,0,1,1,0,0,0,0,0,0,0,1,1,0,0
4808,6.37,6404,6128.0,3194,14009,8,98.0,0,0,0,0,0,0,0,0,0,0,0,0,0,0,0,0,0,1,0,0,1
4814,6.61,16169,5165.0,2173,28616,86,55.0,0,0,0,1,0,0,0,0,0,1,1,0,0,0,1,0,0,1,0,0,1
4820,7.99,38941,564.0,1170,70281,356,95.0,0,1,0,0,0,0,0,0,0,0,0,0,1,0,0,0,0,1,0,0,1
4826,6.14,187,6952.0,8965,686,0,50.0,1,0,0,0,0,0,0,0,0,1,0,0,0,0,0,0,0,1,1,0,0
4829,6.4,179,5995.0,9046,659,0,87.0,0,1,0,0,0,0,0,0,0,1,0,1,1,0,1,0,0,1,0,0,0
4830,7.88,98895,748.0,520,155274,695,112.0,1,0,0,0,0,0,0,1,0,0,0,0,1,0,0,0,0,1,0,0,1
4832,7.44,1326,1868.0,6150,2772,4,71.0,0,1,0,0,0,0,0,0,0,0,0,1,0,0,0,0,0,1,0,0,1
4835,8.05,46998,498.0,1002,84119,199,90.0,1,0,0,0,0,0,0,1,1,1,1,0,0,0,0,0,0,1,0,0,1
4836,7.42,32559,1958.0,1115,74160,300,63.0,0,0,0,0,0,0,0,0,0,0,0,0,1,0,0,0,0,1,0,0,1
4852,6.92,890,3846.0,6426,2459,2,90.0,0,0,1,0,0,0,0,1,1,1,0,0,0,0,0,1,0,1,0,0,1
4865,8.07,27021,472.0,1342,60525,954,111.0,0,0,0,0,0,1,0,1,1,0,0,0,0,0,0,0,0,1,0,1,0
4870,8.29,32369,249.0,1129,73291,473,90.0,1,0,0,0,0,0,0,0,0,0,0,0,0,0,0,0,0,1,0,0,1
4881,7.1,218,3210.0,8422,928,5,90.0,1,0,0,0,0,0,0,0,0,0,0,0,0,0,0,0,0,1,1,0,0
4892,7.53,66565,1557.0,767,112262,153,85.0,1,0,0,0,0,0,0,1,0,1,0,0,0,0,0,0,0,1,0,0,1
4898,6.91,1001,3868.0,6495,2380,2,59.0,0,0,0,0,0,0,0,1,1,1,0,0,0,0,1,0,0,1,1,0,0
4900,7.57,20524,1425.0,1747,41154,53,58.0,0,0,0,0,1,0,0,0,0,0,0,0,0,0,0,0,0,1,0,0,1
4907,6.88,100,4008.0,9050,661,1,90.0,0,0,0,0,0,0,0,0,1,0,0,0,0,0,0,0,0,1,0,0,1
4909,8.57,42409,76.0,1138,72334,324,95.0,1,0,0,0,0,0,0,1,0,1,0,0,0,0,0,0,0,1,0,0,1
4920,6.57,6265,5348.0,3676,10029,19,42.0,1,0,0,0,0,0,0,0,1,0,0,0,0,0,0,0,0,1,0,1,0
4930,7.69,146690,1128.0,327,221825,590,105.0,1,0,0,0,0,0,0,0,0,1,1,0,0,0,0,0,0,1,0,1,0
4945,6.43,233,5899.0,8506,886,0,87.0,1,0,0,0,1,0,0,1,1,0,1,0,0,0,0,0,0,1,0,0,0
4948,6.68,304,4841.0,8258,1009,1,93.0,0,0,0,0,0,0,0,0,0,0,1,0,0,0,0,1,0,1,0,0,0
4949,7.74,3403,1019.0,3464,11568,21,87.0,1,0,0,0,0,0,0,0,0,0,0,0,0,0,0,0,0,1,0,0,1
4951,7.63,15654,1265.0,2197,28046,53,60.0,0,1,0,0,0,0,0,0,0,0,1,1,0,0,0,0,0,1,1,0,0
4960,6.67,1971,4904.0,5120,4438,10,45.0,0,0,0,0,0,0,0,1,0,0,0,0,0,0,0,1,0,1,0,0,1
4961,5.48,1670,8403.0,5077,4516,0,87.0,0,0,0,0,0,0,0,1,1,0,1,0,1,0,0,0,0,1,1,0,0
4967,6.44,137,5859.0,9916,405,0,90.0,0,0,0,0,0,0,1,0,1,0,1,0,0,0,0,0,0,1,1,0,0
4991,6.85,8754,4102.0,2502,22515,71,67.0,0,0,0,0,0,0,0,0,0,0,0,0,0,0,0,0,0,1,0,0,1
4992,6.45,265,5803.0,9122,632,1,45.0,0,0,0,0,0,0,0,0,0,0,1,0,0,0,0,0,0,1,1,0,0
5006,7.42,487,1956.0,7891,1221,2,90.0,0,0,0,0,0,0,1,1,0,1,1,0,0,0,0,1,0,1,1,0,0
5010,6.78,4111,4403.0,3531,11028,3,43.0,0,0,0,1,0,0,0,1,0,0,0,0,0,0,1,0,0,1,0,0,1
5025,6.64,858,5008.0,5738,3325,5,106.0,0,0,0,0,0,0,0,0,0,0,1,0,1,0,0,0,0,1,0,0,0
5034,6.47,143,5727.0,9997,384,0,53.0,0,0,0,0,0,0,0,0,1,0,0,0,0,0,0,0,0,1,0,0,0
5042,7.81,8317,857.0,3094,14796,29,112.0,1,0,0,0,0,0,0,1,0,0,0,0,0,0,0,0,0,1,0,0,1
5051,7.08,7584,3257.0,3087,14877,8,50.0,1,0,0,0,0,0,0,0,1,0,1,0,0,0,0,0,0,1,0,1,0
5057,7.37,9188,2145.0,2567,21535,78,96.0,0,0,0,0,0,0,0,1,1,1,1,0,0,0,0,0,0,1,0,0,1
5058,6.6,1490,5173.0,5959,2994,0,53.0,0,0,0,0,1,0,0,1,0,1,0,0,0,0,1,0,0,1,0,0,0
5060,7.34,27147,2266.0,1485,52531,138,105.0,0,0,1,0,1,0,0,1,0,0,1,0,0,0,0,0,0,1,0,0,1
5063,7.6,60221,1356.0,854,101774,107,102.0,1,0,0,0,0,0,0,1,1,0,0,0,0,0,0,0,0,1,0,0,1
5065,7.95,4405,621.0,2768,18465,32,60.0,1,0,0,0,0,0,1,0,0,1,0,0,0,0,0,0,0,1,0,0,1
5071,6.53,629,5487.0,6648,2204,1,91.0,0,0,1,0,0,0,0,1,1,1,0,0,0,0,0,1,0,1,0,0,1
5083,6.46,3764,5749.0,4152,7498,14,48.0,0,0,0,0,1,0,0,1,0,0,0,0,0,0,1,0,0,1,0,0,0
5090,7.73,21846,1034.0,1311,61884,436,84.0,1,0,0,0,0,0,0,1,1,1,0,1,0,0,0,0,0,1,0,0,1
5091,8.37,40967,183.0,1262,64556,149,90.0,1,0,0,0,0,0,0,0,0,1,0,0,0,0,0,1,0,1,0,1,0
5094,6.57,1636,5297.0,5845,3154,1,45.0,0,0,0,0,1,0,0,1,0,1,0,0,0,0,1,0,0,1,0,0,0
5117,7.44,37547,1837.0,1325,61341,138,100.0,0,0,0,0,0,0,0,1,1,0,0,0,0,0,0,0,0,1,0,0,0
5128,8.14,1315,389.0,4897,4926,21,57.0,0,0,0,0,0,0,1,0,0,1,1,0,0,0,0,0,0,1,0,0,1
5171,6.89,17758,3974.0,1914,35544,98,72.0,0,0,0,0,0,0,1,0,0,0,1,0,1,0,0,1,0,1,1,0,0
5173,7.61,3845,1327.0,3853,8979,20,141.0,1,0,0,0,0,0,0,0,1,0,0,0,0,0,0,0,0,1,0,1,0
5178,6.69,3096,4787.0,3755,9516,7,50.0,0,0,0,0,0,1,0,0,0,0,0,0,0,0,0,0,0,1,0,0,1
5190,7.52,8373,1575.0,2940,16485,18,54.0,0,0,1,0,0,0,0,1,0,0,1,0,0,0,1,0,0,1,0,1,0
5195,7.13,26251,3087.0,1662,44281,19,55.0,1,0,0,0,0,0,0,1,1,1,0,0,0,0,0,0,0,1,0,1,0
5200,6.0,874,7356.0,6794,2060,2,48.0,0,0,0,0,0,0,0,0,0,1,0,0,1,0,0,0,0,1,0,1,0
5216,8.41,111344,157.0,438,180246,706,114.0,0,0,0,0,0,0,0,1,0,0,1,0,0,0,0,0,0,1,0,1,0
5220,6.96,5762,3708.0,3146,14369,39,54.0,0,0,0,0,0,0,0,0,0,0,0,1,1,0,1,0,0,1,0,1,0
5250,6.69,318,4784.0,8385,942,2,85.0,1,0,0,0,0,0,0,1,0,0,1,0,0,0,0,0,0,1,0,0,0
5252,7.86,12144,773.0,2626,20810,23,110.0,1,0,0,0,0,0,0,0,1,1,0,0,0,0,0,0,0,1,0,0,1
5253,7.6,1572,1358.0,5631,3484,14,71.0,0,1,0,0,0,0,0,1,0,0,0,1,0,0,0,0,0,1,0,0,1
5255,6.93,46026,3807.0,1132,72815,36,61.0,1,0,0,0,0,0,0,1,1,1,0,0,0,0,0,0,0,1,1,0,0
5258,7.36,6331,2198.0,3444,11714,51,98.0,0,0,0,0,0,0,0,1,1,1,0,0,0,0,0,0,0,1,0,0,1
5265,7.05,361,3363.0,8366,954,1,103.0,0,0,1,0,0,0,0,1,1,1,0,0,0,0,0,0,0,1,0,0,1
5268,7.76,13153,974.0,1703,43009,76,120.0,1,0,0,0,0,0,0,1,0,0,1,0,0,0,0,0,0,1,0,0,1
5269,8.22,49113,295.0,914,93731,300,112.0,0,0,0,0,1,0,0,1,0,1,0,0,0,0,0,0,0,1,0,1,0
5271,7.16,675,2985.0,7441,1506,8,91.0,0,0,0,0,0,0,0,0,1,0,0,0,0,0,0,0,0,1,0,0,0
5273,7.54,12798,1532.0,2317,25692,52,68.0,0,0,0,0,0,0,0,1,0,0,0,0,0,0,0,0,0,1,0,0,1
5279,7.94,6529,635.0,2843,17569,30,100.0,0,0,0,0,0,0,0,1,0,1,0,0,0,0,0,0,0,1,0,0,1
5285,7.21,3083,2765.0,3798,9281,10,93.0,1,0,0,0,0,0,0,1,1,0,0,1,0,0,0,0,0,1,0,0,1
5291,7.19,5236,2836.0,3005,15655,18,86.0,1,0,0,0,0,0,0,1,1,0,0,1,0,0,0,0,0,1,0,0,1
5295,7.31,13548,2385.0,2369,24831,21,46.0,0,0,0,0,0,0,1,0,0,1,0,0,0,0,0,1,0,1,0,0,1
5297,6.19,774,6776.0,6863,1993,2,44.0,0,0,0,0,0,0,1,0,0,0,1,0,1,0,0,0,0,1,0,0,0
5302,6.47,595,5734.0,7355,1575,4,88.0,0,0,0,0,0,0,0,0,1,0,0,0,0,0,0,0,0,1,0,0,0
5308,8.13,6520,406.0,3636,10320,47,95.0,1,0,0,0,0,0,0,0,0,1,0,0,0,0,0,0,0,1,0,0,1
5317,8.05,9198,489.0,2115,29967,110,89.0,0,0,0,0,0,0,0,1,0,1,0,1,0,0,0,0,0,1,0,0,1
5319,7.62,90122,1287.0,575,144364,576,94.0,1,0,0,0,0,1,0,1,0,1,0,0,0,0,0,0,0,1,0,1,0
5321,6.19,3496,6784.0,4157,7467,8,89.0,0,0,0,0,0,0,0,1,0,0,0,0,0,0,0,0,0,1,0,0,1
5322,6.83,2074,4202.0,4634,5684,3,119.0,0,0,0,0,1,0,0,1,1,0,0,0,0,0,0,0,0,1,1,0,0
5346,7.45,6575,1817.0,2489,22976,28,102.0,0,0,0,0,0,0,0,0,1,0,0,1,0,0,0,0,0,1,0,0,1
5365,7.82,36271,842.0,1420,55936,174,48.0,1,0,0,0,0,0,0,0,1,0,1,0,0,0,0,1,0,1,1,0,0
5380,7.7,72842,1106.0,716,119884,134,82.0,0,0,0,0,0,0,1,0,0,1,1,0,1,0,0,0,0,1,0,0,0
5383,7.26,1037,2565.0,5448,3777,2,77.0,0,0,1,0,1,0,0,1,0,0,0,0,0,0,0,0,0,1,0,0,1
5386,6.87,1310,4032.0,6242,2669,5,50.0,0,0,0,0,0,0,0,0,0,0,0,0,0,0,1,0,0,1,0,0,0
5389,6.66,14433,4951.0,2298,25957,119,93.0,0,0,0,0,0,1,0,1,0,0,1,1,0,0,0,0,0,1,1,0,0
5402,7.13,44087,3072.0,1125,73569,143,115.0,0,0,0,0,0,0,0,0,1,0,0,1,0,0,0,0,0,1,0,1,0
5422,6.98,232,3639.0,8783,762,1,52.0,0,0,0,0,0,0,0,0,1,0,0,0,0,0,0,0,0,1,0,0,0
5425,6.98,45202,3627.0,1070,77556,221,48.0,0,0,0,0,0,1,0,0,0,0,0,0,0,0,0,0,0,1,0,1,0
5440,6.38,100,6072.0,8707,795,0,85.0,0,0,0,0,0,0,0,0,0,0,1,0,0,0,0,0,0,1,1,0,0
5444,7.9,4912,699.0,3561,10773,38,51.0,0,0,1,0,0,0,0,1,1,1,1,0,0,0,0,0,0,1,0,0,1
5446,8.27,184194,266.0,191,314307,3821,46.0,0,0,0,0,0,0,1,0,0,0,1,0,1,0,0,0,0,1,0,0,1
5460,6.96,962,3720.0,6428,2450,7,75.0,0,0,0,0,0,0,0,0,1,0,0,0,0,0,0,0,0,1,0,0,0
5461,6.9,33399,3928.0,1477,52884,58,81.0,0,0,0,0,0,0,0,0,1,1,1,0,0,0,0,0,0,1,0,1,0
5473,7.32,11046,2366.0,2590,21194,47,104.0,0,0,0,0,0,0,1,0,0,1,0,0,0,0,0,0,0,1,1,0,0
5475,7.24,985,2649.0,5599,3531,4,95.0,0,0,0,0,1,0,0,1,0,0,0,0,0,0,0,0,0,1,0,1,0
5479,7.85,8356,798.0,3083,14897,58,140.0,0,0,0,0,1,0,0,1,1,0,1,0,0,0,0,0,0,1,0,0,0
5487,7.18,26191,2896.0,1360,59767,148,106.0,0,0,0,0,0,0,0,0,0,0,0,0,1,0,0,0,0,1,0,0,1
5497,6.33,673,6285.0,7336,1589,5,55.0,1,0,0,0,0,0,0,0,0,0,1,0,0,0,1,0,0,1,0,0,0
5504,7.73,18885,1046.0,1699,43096,103,120.0,0,0,0,0,0,1,0,0,0,0,1,0,0,0,0,0,0,1,0,0,1
5507,7.39,1661,2082.0,5549,3616,5,70.0,0,1,0,0,0,0,0,1,0,0,0,1,0,0,0,0,0,1,0,0,0
5510,8.09,59254,444.0,921,92867,695,126.0,0,0,0,0,0,0,0,1,0,0,0,0,0,0,1,0,0,1,0,0,0
5514,6.61,4369,,4083,7792,32,54.0,0,0,0,0,0,0,0,0,0,0,1,0,1,0,1,0,0,1,1,0,0
5531,7.36,3768,2179.0,3574,10684,139,105.0,0,0,0,0,0,0,0,0,0,0,1,0,0,0,0,0,0,1,0,0,0
5536,5.62,127,8164.0,10112,365,0,50.0,0,1,0,0,0,0,0,0,0,0,0,0,0,0,1,0,0,1,1,0,0
5553,7.62,27148,1309.0,1414,56160,453,118.0,0,0,0,0,0,0,1,0,0,0,1,0,1,0,0,0,0,1,1,0,0
5564,8.04,66163,503.0,804,107779,394,47.0,0,0,0,0,0,0,0,0,0,0,1,0,0,0,0,1,0,1,0,0,1
5575,7.75,108456,993.0,309,230683,1393,50.0,0,0,0,0,0,1,0,1,0,0,0,0,0,0,0,0,0,1,0,1,0
5577,6.23,501,6649.0,7640,1376,0,50.0,1,0,0,0,0,0,0,1,1,1,0,0,0,0,1,0,0,1,0,0,0
5584,7.44,8754,1859.0,3022,15503,3,106.0,1,0,0,0,0,0,0,1,1,1,0,0,0,0,0,1,0,1,0,0,1
5589,7.24,4095,2637.0,3748,9558,24,96.0,0,0,0,0,0,0,0,1,0,0,0,0,0,0,0,0,0,1,0,0,1
5590,8.06,9278,472.0,2943,16465,30,77.0,1,0,0,0,0,0,0,0,0,0,0,0,0,0,0,1,0,1,0,1,0
5591,7.27,1718,2535.0,5463,3745,9,70.0,0,1,0,0,0,0,0,1,0,0,0,1,0,0,0,0,0,1,0,0,1
5604,6.56,147,5372.0,8981,684,0,67.0,0,0,0,0,0,0,1,0,0,1,0,0,0,0,0,1,0,1,0,0,1
5610,7.08,41599,3259.0,1223,66662,21,45.0,1,0,0,0,0,0,0,1,1,1,0,0,0,0,0,0,0,1,1,0,0
5613,6.85,13174,4121.0,2458,23359,8,96.0,0,0,0,0,0,0,0,0,1,1,1,0,0,0,0,0,0,1,0,0,1
5623,7.91,5763,683.0,3353,12529,36,62.0,0,0,1,0,0,0,0,1,0,0,0,0,0,0,0,0,0,1,0,0,1
5625,6.37,222,6114.0,8815,748,0,52.0,1,0,0,0,0,0,0,0,0,1,0,0,0,0,0,0,0,1,0,0,0
5629,6.88,4398,4002.0,3199,13933,22,84.0,0,0,0,0,0,1,0,0,1,0,0,1,0,0,0,0,0,1,0,0,1
5634,7.21,91370,2763.0,574,144391,857,52.0,0,0,0,0,0,0,1,1,0,0,1,0,0,0,1,0,0,1,0,0,1
5638,7.91,1700,691.0,4662,5622,16,90.0,0,0,0,0,0,0,0,0,0,0,1,0,0,0,0,0,0,1,1,0,0
5652,7.63,63052,1268.0,803,107910,380,86.0,1,0,0,0,0,0,0,1,1,1,0,1,0,0,0,0,0,1,0,0,1
5656,5.61,18852,8174.0,1929,35136,36,70.0,0,0,0,0,0,0,0,0,0,0,0,0,0,0,1,0,0,1,0,0,1
5666,7.58,4095,1406.0,3508,11210,20,50.0,0,0,1,0,0,0,1,0,0,1,0,0,0,0,0,0,0,1,0,0,1
5684,8.2,64580,316.0,752,115143,962,126.0,0,0,0,0,0,0,0,0,0,0,1,0,1,0,0,0,0,1,0,0,1
5688,7.95,3942,619.0,4065,7864,46,69.0,0,0,0,0,1,0,0,1,0,0,1,0,0,0,0,0,0,1,0,0,1
5719,6.53,767,5447.0,7300,1621,5,60.0,0,0,0,0,0,0,0,1,0,0,0,0,0,0,1,0,0,1,0,0,0
5724,7.71,13228,1094.0,2444,23494,11,48.0,0,0,0,0,0,1,0,1,0,0,0,0,0,0,0,0,0,1,0,0,1
5729,7.16,245,2973.0,8470,904,3,72.0,0,1,0,0,0,0,1,0,0,0,0,0,0,0,0,0,0,1,0,0,1
5730,8.63,78701,65.0,594,139495,2994,114.0,0,0,0,0,0,1,0,1,0,0,1,0,1,0,0,0,0,1,0,1,0
5737,6.95,7834,3757.0,3096,14769,25,85.0,0,0,0,0,0,0,0,1,0,0,0,0,0,0,0,0,0,1,0,1,0
5739,7.66,14749,1204.0,2205,27911,32,104.0,1,0,0,0,0,0,0,1,1,1,1,0,0,0,0,1,0,1,0,0,1
5740,6.4,304,6015.0,8350,960,0,45.0,0,0,0,0,0,0,0,0,0,1,0,0,1,0,0,1,0,1,0,1,0
5747,7.75,16522,1007.0,1881,36647,120,99.0,0,0,0,0,0,0,0,0,1,0,0,0,1,0,0,0,0,1,0,0,1
5751,7.78,49870,930.0,953,88941,278,96.0,1,0,0,1,0,1,0,0,0,1,1,0,1,0,0,0,0,1,0,0,1
5753,7.35,781,2235.0,6860,1993,0,74.0,0,0,0,0,0,0,0,0,0,1,0,0,0,0,0,0,0,1,0,0,1
5762,7.94,29228,626.0,1605,46832,28,49.0,1,0,0,0,1,0,0,1,0,0,0,0,0,0,0,0,0,1,0,0,1
5767,7.37,12025,2148.0,2141,29367,42,55.0,1,0,0,0,0,0,0,0,1,1,1,0,0,0,0,1,0,1,0,1,0
5772,8.01,3126,543.0,3441,11726,46,102.0,0,0,0,0,0,0,0,0,0,0,1,0,0,0,0,0,0,1,1,0,0
5774,7.06,4239,3338.0,3357,12493,51,117.0,0,0,0,0,0,0,0,0,1,1,0,0,0,0,0,0,0,1,0,1,0
5782,7.86,5026,779.0,2922,16682,67,95.0,0,0,0,0,0,1,0,1,0,0,1,0,0,0,0,0,0,1,0,0,1
5787,7.31,3571,2404.0,3337,12674,21,89.0,0,0,0,0,0,0,0,0,0,0,0,0,0,0,0,0,0,1,0,0,1
5795,6.86,214,4080.0,8302,984,2,47.0,0,0,0,0,0,0,0,0,1,0,1,0,0,0,0,0,0,1,0,0,0
5799,6.94,173,3798.0,6286,2616,2,90.0,1,0,0,0,0,0,0,0,0,1,1,0,0,0,0,0,0,1,0,0,1
5806,6.43,1060,5895.0,6189,2752,1,54.0,0,0,0,0,0,1,0,0,1,0,0,0,0,0,0,0,0,1,1,0,0
5818,7.82,76935,847.0,664,126060,225,109.0,1,0,0,0,0,0,0,1,1,0,0,0,0,0,0,0,0,1,0,0,1
5830,8.47,11235,118.0,853,103970,694,120.0,0,0,0,0,0,1,0,1,0,0,0,1,0,0,0,0,0,1,0,0,1
5832,7.94,2436,638.0,4258,7043,21,47.0,0,0,0,0,0,0,1,0,0,0,1,1,0,0,0,0,0,1,0,0,1
5833,7.35,19699,2232.0,1738,41284,80,52.0,0,0,0,0,0,0,0,0,0,0,0,0,0,0,1,0,0,1,0,0,1
5895,7.16,1839,2952.0,5147,4382,16,80.0,0,0,0,0,0,0,0,1,1,1,0,0,0,0,0,0,0,1,0,0,0
5897,6.98,26810,3650.0,1686,43499,75,105.0,0,0,0,0,0,0,0,1,1,0,1,0,0,0,0,0,0,1,0,1,0
5906,7.51,3321,1613.0,4187,7375,12,98.0,0,0,0,0,0,0,0,0,0,0,0,0,0,0,0,0,0,1,0,0,0
5921,7.43,709,1880.0,6548,2314,9,59.0,0,1,0,0,0,0,1,0,0,0,0,0,0,0,0,0,0,1,0,0,1
5922,8.04,5100,506.0,2482,22911,45,89.0,1,0,0,0,0,0,0,0,0,1,1,0,0,0,0,0,0,1,0,0,1
5927,6.74,977,4590.0,6354,2544,8,76.0,0,0,0,0,0,0,0,0,1,1,0,0,0,0,0,0,0,1,0,0,1
5933,8.16,83710,361.0,620,134831,422,59.0,0,0,0,0,0,1,0,1,0,0,1,0,0,0,0,0,0,1,0,1,0
5938,6.91,418,3884.0,6316,2584,4,104.0,0,0,0,0,0,0,0,1,0,0,0,0,0,0,0,0,0,1,0,0,1
5939,7.19,701,2849.0,6787,2061,10,95.0,1,0,0,0,0,0,0,0,0,0,0,0,0,0,0,0,0,1,1,0,0
5942,7.63,18571,1263.0,2007,32713,94,106.0,0,0,1,0,0,1,0,0,0,1,0,1,1,0,0,0,0,1,0,1,0
5947,6.71,645,4702.0,7339,1586,0,59.0,0,0,0,0,0,0,0,0,0,1,0,0,0,0,0,0,0,1,1,0,0
5953,7.17,1702,2944.0,4746,5382,6,60.0,0,0,0,0,0,0,0,0,0,0,1,0,0,0,0,1,0,1,0,0,0
5956,7.45,5527,1831.0,3617,10379,13,43.0,1,0,0,0,0,0,0,0,0,1,0,0,1,0,1,0,0,1,1,0,0
5962,6.06,111,7217.0,10001,384,1,56.0,0,0,0,0,0,1,0,1,0,0,0,0,0,0,1,0,0,1,1,0,0
5965,7.81,78141,854.0,570,145681,301,88.0,1,0,0,0,0,1,0,1,0,0,0,0,0,0,0,0,0,1,0,0,1
5974,7.23,372,2682.0,8230,1023,0,94.0,0,0,0,0,0,0,0,1,0,1,0,0,0,0,0,0,0,1,1,0,0
5976,7.05,5551,3385.0,2457,23386,78,60.0,0,0,0,1,0,0,0,1,0,0,0,0,1,0,1,0,0,1,0,0,1
5992,7.02,4341,3500.0,3761,9487,8,86.0,0,0,0,1,0,0,0,0,0,1,0,0,0,0,1,0,0,1,0,1,0
6006,6.62,910,5136.0,6881,1975,2,50.0,0,0,0,0,1,0,0,1,0,0,1,0,0,0,1,0,0,1,0,0,1
6007,7.69,26454,1125.0,1581,47685,102,88.0,0,0,0,0,0,0,0,1,1,1,1,0,0,0,0,0,0,1,0,0,1
6021,7.57,2318,1443.0,4816,5178,17,95.0,1,0,0,1,0,0,1,0,0,1,1,1,1,0,0,0,0,1,1,0,0
6025,7.39,324,2072.0,3094,14783,15,94.0,0,0,0,0,0,0,0,0,0,0,1,0,0,0,0,0,0,1,0,0,1
6028,6.47,108,5726.0,9300,563,0,89.0,0,0,0,0,0,0,0,0,0,1,1,0,0,0,0,0,0,1,1,0,0
6033,6.5,221,5613.0,9225,593,0,52.0,0,0,0,0,0,0,0,0,1,0,0,0,0,0,0,0,0,1,0,1,0
6036,7.75,9221,988.0,2422,23931,22,123.0,0,0,0,0,0,0,0,0,0,1,0,0,1,0,0,0,0,1,0,0,0
6043,7.41,3073,1966.0,3199,14207,75,120.0,0,0,0,0,0,0,0,1,1,1,1,0,0,0,0,0,0,1,0,0,1
6047,7.07,26252,3311.0,1717,42418,27,96.0,0,0,0,0,0,0,0,1,1,0,0,0,0,0,0,0,0,1,0,1,0
6054,5.86,3309,7672.0,4316,6736,14,45.0,0,0,1,0,0,0,0,1,0,0,1,0,0,0,1,0,0,1,0,1,0
6062,7.01,3747,3538.0,3975,8311,5,89.0,0,0,0,0,0,0,0,0,1,0,0,0,0,0,0,0,0,1,0,0,1
6072,7.35,6196,2244.0,2350,25216,36,60.0,0,0,0,0,0,1,1,1,0,1,0,0,0,0,0,1,0,1,0,0,1
6077,6.71,546,4740.0,7203,1695,5,150.0,0,0,0,0,0,0,0,1,1,0,1,0,0,0,0,0,0,1,0,0,0
6086,8.04,14324,507.0,1825,38443,164,110.0,0,0,0,0,0,0,1,0,0,0,0,0,0,0,0,0,0,1,0,0,1
6112,6.91,412,3865.0,8032,1139,1,116.0,0,0,0,0,0,0,1,0,1,0,1,0,0,0,0,0,0,1,1,0,0
6117,8.55,146968,83.0,284,245639,2921,88.0,0,0,0,0,0,0,0,0,0,0,1,0,0,0,0,0,0,1,0,0,0
6119,7.39,3878,2085.0,3714,9768,61,91.0,0,0,0,0,0,0,0,0,0,0,0,0,0,0,1,0,0,1,0,0,0
6123,6.63,1041,5073.0,6601,2256,2,50.0,0,0,1,0,0,0,0,0,0,1,0,0,1,0,1,0,0,1,0,0,0
6134,5.33,466,8635.0,8131,1077,2,74.0,0,0,0,0,0,0,0,1,0,0,0,0,0,0,0,0,0,1,0,0,0
6143,7.49,21394,1657.0,1921,35357,137,115.0,0,0,0,0,0,0,0,1,0,0,1,0,0,0,0,0,0,1,0,0,1
6146,7.88,1242,734.0,2817,17898,40,108.0,0,0,0,0,0,0,1,0,0,0,0,0,0,0,0,1,0,1,0,0,1
6147,8.4,93041,169.0,463,173994,2064,103.0,0,0,0,0,0,0,0,1,1,0,0,0,0,0,0,0,0,1,0,1,0
6151,6.53,4633,5485.0,3635,10317,29,80.0,0,0,0,0,0,0,0,1,0,0,1,0,0,0,0,0,0,1,1,0,0
6157,6.32,212,6301.0,8875,720,2,42.0,1,0,0,0,0,0,0,0,0,1,0,0,0,0,0,0,0,1,1,0,0
6163,8.12,124537,416.0,308,230755,2211,90.0,0,0,0,0,0,0,0,0,0,0,0,0,0,0,0,0,0,1,0,1,0
6166,7.03,44743,3450.0,1164,70798,28,45.0,1,0,0,0,0,0,0,1,1,1,0,0,0,0,0,0,0,1,1,0,0
6168,6.98,3147,3662.0,4409,6405,9,55.0,0,0,0,0,1,0,0,1,0,0,1,0,1,0,1,0,0,1,0,1,0
6192,7.44,416,1843.0,6374,2514,16,104.0,0,0,0,0,0,0,0,1,1,0,0,1,0,0,0,0,0,1,0,0,1
6196,7.57,2207,1439.0,4095,7734,5,56.0,0,0,0,0,0,0,0,0,0,1,0,0,0,0,0,1,0,1,0,1,0
6205,8.62,55073,67.0,759,114333,551,125.0,0,0,0,0,1,0,0,1,0,0,0,0,0,0,0,0,0,1,0,0,0
6214,7.25,12155,2629.0,2796,18162,99,101.0,1,0,0,0,0,0,0,1,0,0,0,0,0,0,0,0,0,1,1,0,0
6218,6.33,378,6287.0,8502,887,3,45.0,0,0,0,0,0,0,0,0,0,1,0,0,0,0,1,0,0,1,0,0,0
6219,6.61,624,5172.0,7435,1512,2,74.0,0,1,0,0,0,0,0,1,0,1,0,1,0,0,0,0,0,1,0,0,1
6221,7.46,9344,1782.0,2728,19179,8,45.0,1,0,0,0,0,0,0,0,1,1,0,0,0,0,0,1,0,1,0,1,0
6224,6.56,5954,5357.0,3451,11684,59,45.0,0,0,0,0,0,1,0,0,0,0,0,0,0,0,1,0,0,1,0,1,0
6226,7.72,69564,1055.0,738,116256,320,94.0,1,0,0,0,0,1,0,1,0,1,0,0,0,0,0,0,0,1,0,0,1
6235,7.21,1440,2787.0,5821,3187,3,73.0,0,1,0,0,0,0,0,0,0,0,0,1,0,0,0,0,0,1,0,0,1
6241,5.2,382,8809.0,8571,856,2,100.0,0,0,0,0,0,0,0,1,1,0,0,0,0,0,0,0,0,1,0,0,0
6248,5.59,376,8210.0,8711,794,1,42.0,0,0,0,0,1,0,0,1,0,1,0,0,0,0,1,0,0,1,0,0,0
6278,8.15,20308,367.0,1993,33106,54,100.0,1,0,0,0,0,0,0,0,1,1,0,0,0,0,0,0,0,1,0,1,0
6282,7.28,28152,2500.0,1597,47101,23,55.0,1,0,0,0,0,0,0,1,1,1,0,0,0,0,0,0,0,1,0,1,0
6285,4.5,7321,9365.0,3313,12948,23,49.0,0,0,0,1,0,0,0,0,0,0,0,0,0,0,1,0,0,1,0,0,1
6290,7.22,19189,2715.0,1867,37113,107,115.0,0,0,0,0,1,0,0,0,1,0,0,0,1,0,0,0,0,1,0,0,0
6292,7.93,131861,639.0,378,199675,927,101.0,0,0,0,0,0,0,0,0,1,0,0,0,0,0,0,0,0,1,0,1,0
6298,8.16,190829,352.0,198,310133,5029,124.0,0,0,0,0,0,1,0,1,1,0,0,0,0,0,0,0,0,1,0,0,0
6307,7.03,608,3478.0,6649,2199,2,163.0,0,0,0,0,0,0,0,1,1,0,1,0,0,0,0,0,0,1,0,0,0
6312,5.84,636,7718.0,7618,1387,0,50.0,0,0,0,0,0,0,0,1,1,0,0,0,0,0,1,0,0,1,1,0,0
6313,6.73,191,4609.0,8331,968,0,112.0,0,0,0,0,0,0,0,0,0,0,0,0,0,0,0,0,0,1,0,0,0
6316,7.54,7164,1516.0,2896,16932,30,105.0,0,0,1,0,0,0,0,1,0,0,0,0,0,0,0,0,0,1,0,0,1
6321,6.48,691,5681.0,7254,1662,2,51.0,0,0,1,0,0,0,0,0,0,0,1,0,0,0,1,0,0,1,1,0,0
6325,5.51,2680,,4753,5379,14,45.0,0,0,0,0,1,0,0,1,0,0,0,0,0,0,1,0,0,1,1,0,0
6326,7.96,20620,597.0,1557,48569,49,66.0,0,0,0,0,0,0,1,0,0,1,1,0,0,0,0,0,0,1,0,0,1
6331,9.04,61010,11.0,826,105458,1395,110.0,1,0,0,0,0,0,0,1,0,1,0,0,0,0,0,0,0,1,0,0,1
6333,8.58,166598,75.0,232,282422,1417,90.0,0,0,0,0,0,0,0,0,0,0,1,0,0,0,0,0,0,1,0,0,1
6342,7.11,4526,3162.0,2651,20375,23,110.0,0,0,0,0,1,0,0,0,1,0,0,0,0,0,0,0,0,1,0,0,1
6354,7.73,17062,1050.0,1897,36182,149,110.0,0,0,0,0,0,0,0,1,1,0,0,1,0,0,0,0,0,1,0,0,0
6373,5.7,598,7969.0,7737,1305,0,44.0,1,0,0,0,0,1,0,1,0,0,0,0,0,0,1,0,0,1,0,0,0
6381,6.57,2164,5350.0,4515,6050,9,111.0,1,0,0,0,0,0,0,1,0,0,1,0,0,0,0,0,0,1,0,0,0
6383,6.83,996,4211.0,6765,2086,3,60.0,0,0,0,0,1,0,0,1,0,0,1,0,0,0,1,0,0,1,0,0,0
6387,6.6,401,5190.0,8057,1125,2,75.0,0,0,0,0,0,0,0,0,1,0,0,0,0,0,0,0,0,1,0,0,0
6402,6.75,249,4525.0,8922,704,4,50.0,1,0,0,0,0,0,0,1,0,0,0,0,0,0,1,0,0,1,1,0,0
6404,6.69,1251,4804.0,5541,3624,9,132.0,1,0,0,0,0,0,0,0,1,0,1,0,0,0,0,0,0,1,0,0,0
6414,7.26,18695,2554.0,1770,40332,69,59.0,0,0,0,0,1,0,0,1,0,0,0,0,0,0,0,0,0,1,0,0,1
6422,7.77,1938,936.0,5492,3702,20,89.0,0,0,1,0,0,0,0,0,0,1,0,0,0,0,0,0,0,1,0,1,0
6425,5.59,213,8219.0,9176,610,1,49.0,0,0,0,0,0,0,0,0,0,0,0,0,0,0,1,0,0,1,0,0,0
6426,7.21,13660,2791.0,1884,36560,108,63.0,0,0,0,0,0,0,0,0,0,1,1,0,1,0,0,0,0,1,0,0,1
6430,7.77,13960,948.0,2406,24158,191,119.0,0,0,0,0,1,0,0,0,0,0,1,0,0,0,0,0,0,1,0,0,0
6439,7.84,2990,819.0,4580,5867,5,91.0,1,0,0,0,0,0,0,0,1,1,0,0,0,0,0,1,0,1,0,0,1
6440,7.41,2252,1996.0,4936,4835,7,89.0,1,0,0,0,0,0,0,1,0,1,1,0,0,0,0,0,0,1,1,0,0
6441,7.16,14870,2973.0,1924,35364,264,58.0,0,0,0,0,0,0,0,0,0,1,0,0,1,0,1,0,0,1,0,0,1
6442,6.75,2469,4552.0,3818,9161,7,150.0,1,0,0,0,1,0,0,1,0,0,0,0,1,0,0,0,0,1,0,0,1
6461,8.03,1088,529.0,3595,10585,15,89.0,1,0,0,0,0,0,0,0,0,1,1,0,0,0,0,0,0,1,0,0,1
6464,8.55,174657,84.0,196,312545,5582,45.0,0,1,0,0,0,1,0,0,0,0,1,0,1,0,0,0,0,1,0,0,1
6473,7.66,86414,1205.0,661,126503,234,85.0,0,0,0,0,0,0,0,1,1,1,1,0,0,0,0,0,0,1,1,0,0
6500,8.14,30925,384.0,1409,56534,138,120.0,1,0,0,0,0,0,0,1,1,1,1,0,0,0,0,0,0,1,0,0,1
6529,5.6,2145,8192.0,5194,4252,1,45.0,0,0,0,0,0,0,0,1,1,0,0,0,0,0,1,0,0,1,0,0,0
6534,6.77,8625,4467.0,3002,15680,37,90.0,1,0,0,0,0,0,0,0,1,0,0,0,0,0,0,0,0,1,1,0,0
6556,7.55,56505,1490.0,979,86742,111,70.0,1,0,0,0,0,0,0,1,1,1,0,0,0,0,0,0,0,1,1,0,0
6558,8.74,78743,40.0,320,225372,3008,106.0,0,0,0,1,0,1,0,0,0,1,0,0,0,0,0,0,0,1,0,0,1
6582,8.09,25600,447.0,1408,56473,146,90.0,0,0,1,0,0,1,0,0,0,0,1,0,0,0,0,0,0,1,0,0,1
6592,7.23,27858,2675.0,1473,53255,160,95.0,0,0,0,0,0,0,0,0,1,0,1,0,1,0,0,0,0,1,0,1,0
6599,6.96,67938,3709.0,778,111020,130,94.0,0,0,0,0,0,0,0,1,1,0,0,0,0,0,0,0,0,1,0,1,0
6611,7.6,14203,1344.0,2048,31590,125,83.0,0,0,0,0,0,1,0,0,0,0,1,0,1,0,0,0,0,1,0,0,1
6618,6.11,314,7067.0,8659,815,4,83.0,0,0,0,0,0,0,0,0,1,0,0,0,0,0,0,0,0,1,0,0,0
6621,7.11,20330,3166.0,1762,40511,47,44.0,0,0,0,1,1,0,0,1,0,1,0,0,0,0,1,0,0,1,0,0,1
